guid,entry_status,major,in_school_earning,fin_aid_0,fin_aid_3000,fin_aid_10000,
194b5d39-f5d2-32c2-6ad1-a0f5983092fa,FTF,Accounting,0,0.245072,0.26338,0.32503,
94cd341e-326f-4734-e1d7-e090d14cef19,FTF,Accounting,4500,0.273958,0.29892,0.39324,
71ff4f4e-8aa1-5ca6-5bfa-be6a7d26030f,FTF,Accounting,10500,0.331025,0.37471,0.62479,
42ae05f3-8347-5652-7418-a937f448c720,FTF,Advertising,0,0.189325,0.20403,0.25359,
dc68c85f-be2e-71e7-afad-8ef90039eabf,FTF,Advertising,4500,0.212529,0.23259,0.30849,
ec68a57e-0e22-ab9b-47cb-c3b0856511e7,FTF,Advertising,10500,0.258417,0.29358,0.49194,
9d84ff00-beb0-972b-f484-1393869ff1ce,FTF,Aerospace Engineering,0,0.275623,0.29575,0.36344,
92b4f98e-3058-783d-3451-4d718ee2a25f,FTF,Aerospace Engineering,4500,0.307373,0.33478,0.43826,
9d8a389b-c74f-60f5-bc4e-2f743bc61767,FTF,Aerospace Engineering,10500,0.370019,0.41793,0.69398,
07d5bef1-5d6c-715f-4254-b934a9bec71c,FTF,African-American Studies,0,0.080250,0.09158,0.12934,
813faea3-8cb7-6a86-4c6f-94192094ea94,FTF,African-American Studies,4500,0.098098,0.11342,0.17035,
db5d7a37-46b7-4112-a3b1-071759d3a6b8,FTF,African-American Studies,10500,0.132983,0.15930,0.29783,
420d784a-f2cb-ec97-1419-85bc128551eb,FTF,Agricultural Biology and Plant & Irrigation Science,0,0.214851,0.23008,0.28108,
e3cbf6ce-35b5-0328-5165-b21097ffec6b,FTF,Agricultural Biology and Plant & Irrigation Science,4500,0.238853,0.25952,0.33715,
322e548c-b1cb-3d2e-f3ba-3a6d471a933e,FTF,Agricultural Biology and Plant & Irrigation Science,10500,0.286019,0.32195,0.52344,
ab31958c-242c-29e2-56f0-4a48d99d03aa,FTF,Agricultural Business,0,0.187452,0.20144,0.24839,
93901e60-3c9e-e0fe-a3b4-e96254d56c21,FTF,Agricultural Business,4500,0.209506,0.22852,0.30012,
826fbbf8-cb55-5451-5443-c168283fcbff,FTF,Agricultural Business,10500,0.252946,0.28609,0.47076,
f32975fa-95b8-7983-1343-25434a6bdbb7,FTF,Agriculture/Agricultural Science & Horticulture,0,0.195405,0.21024,0.25992,
8c87b236-95d6-a19b-e254-05ee8a3c382c,FTF,Agriculture/Agricultural Science & Horticulture,4500,0.218795,0.23893,0.31440,
d8e5b60a-1708-ef05-b9e0-cf6a145e8589,FTF,Agriculture/Agricultural Science & Horticulture,10500,0.264733,0.29966,0.49292,
d98c00b1-5fc2-8034-1125-3d6a9a4cf3cf,FTF,American Studies,0,0.155224,0.16702,0.20613,
26b8bcfc-4c77-7307-e0a8-84fbe9a4969b,FTF,American Studies,4500,0.173792,0.18967,0.24850,
8448f19a-50fe-4efb-8b03-86e079cc429a,FTF,American Studies,10500,0.209890,0.23708,0.38327,
18173493-6208-d2a3-a42d-30623132e6b0,FTF,Animal Science/Animal Health Science,0,0.141049,0.15230,0.19006,
7df446e1-c85b-1224-77bf-d23f059f3d1a,FTF,Animal Science/Animal Health Science,4500,0.158783,0.17407,0.23185,
a42b473c-508f-510e-8554-b1094c629ab2,FTF,Animal Science/Animal Health Science,10500,0.193733,0.22049,0.37019,
d93100ee-7645-a722-d67a-8c60af9a845f,FTF,Anthropology,0,0.125741,0.13495,0.16502,
db912ad1-0700-f567-42e2-fa5ce5f943b8,FTF,Anthropology,4500,0.140199,0.15244,0.19697,
885a5875-aaf5-8513-b7bd-7927173344ff,FTF,Anthropology,10500,0.167878,0.18841,0.29448,
fea17b09-269f-90f6-73fb-54fab03e8385,FTF,Apparel Merchandising and Management,0,0.168352,0.18260,0.23048,
507da51b-f7b7-0434-1977-c4a1b5e8b094,FTF,Apparel Merchandising and Management,4500,0.190822,0.21022,0.28318,
d2563c5a-4a28-e759-692e-129c3f418167,FTF,Apparel Merchandising and Management,10500,0.235125,0.26890,0.45568,
d1ea44ad-35d6-23c0-5c76-6a669f15ae6a,FTF,Applied Mathematics,0,0.190271,0.20399,0.25040,
ec0597a9-a977-c0d0-b076-cccc44c616d8,FTF,Applied Mathematics,4500,0.211925,0.23069,0.30215,
095a2887-12bb-5e85-13bd-92a2f30d1dd8,FTF,Applied Mathematics,10500,0.254932,0.28806,0.47528,
efdcc426-1c90-c58b-598d-78595d05afff,FTF,Applied Physics,0,0.116682,0.12591,0.15603,
57bc76e4-d543-2acb-0b2d-69338f712b2d,FTF,Applied Physics,4500,0.131172,0.14343,0.18794,
b2a1f60c-8d66-a89c-6357-2c8a3ce6cabb,FTF,Applied Physics,10500,0.158888,0.17941,0.28452,
0ca67981-8a7d-adc4-38dc-18f9145ef9b1,FTF,Architecture,0,0.226884,0.24506,0.30677,
d6b03d04-2a3e-33d1-5280-0eefc6b868e2,FTF,Architecture,4500,0.255598,0.28055,0.37572,
5b6d6b18-5662-22c1-eba3-7c6dd08a6ca6,FTF,Architecture,10500,0.312811,0.35693,0.61232,
8a2fdde8-8a9f-8bd1-79f0-e60855a03b3d,FTF,Art,0,0.141985,0.15319,0.19021,
b6cce0e2-dbb1-2d8e-e89a-a4c51de6d828,FTF,Art,4500,0.159611,0.17465,0.23009,
ce54d1c0-8b52-bfa1-3902-12d1bb8bc745,FTF,Art,10500,0.193764,0.21937,0.35453,
a323fbf1-5ba1-e856-4de5-71056f48bbaf,FTF,Art History,0,0.103055,0.11558,0.15783,
da4a9e30-f460-4f95-0243-036f66ce3852,FTF,Art History,4500,0.122823,0.13994,0.20429,
cb20029a-e083-4d5d-6f18-60f81ede7d58,FTF,Art History,10500,0.161940,0.19173,0.35133,
e4340203-3228-9339-5389-07c4e9785b28,FTF,Asian/Asian-American Studies,0,0.140546,0.15120,0.18619,
919f8a71-e7ab-4b2b-a5ae-1d6ac24cce17,FTF,Asian/Asian-American Studies,4500,0.157291,0.17152,0.22360,
04dea862-5b66-ad53-98b4-c821d7eca5e8,FTF,Asian/Asian-American Studies,10500,0.189529,0.21356,0.33949,
d428b9b2-199c-282c-cef7-c6fb544c8cd9,FTF,Asian/East Asian Studies,0,0.062869,0.07141,0.10043,
d1a7bd3a-3f98-3dd0-3ae9-783cdcc93e17,FTF,Asian/East Asian Studies,4500,0.076354,0.08806,0.13362,
8b0a0aa8-eb4b-4924-a806-a0fdffe27ed5,FTF,Asian/East Asian Studies,10500,0.103298,0.12446,0.25237,
bd2caa24-1f70-d63f-cc8f-db5d2a432520,FTF,Athletic Training,0,0.151633,0.16245,0.19772,
37c3883d-6d8c-2c45-9fa5-69524ac4e090,FTF,Athletic Training,4500,0.168624,0.18299,0.23491,
22cb0c0d-2fae-c1ab-6ae4-fde3cedccb3c,FTF,Athletic Training,10500,0.201066,0.22499,0.34611,
d00229d0-a8a9-192a-03fa-d16eee3492f7,FTF,Behavioral Science,0,0.168070,0.18181,0.22814,
786ce38e-186c-8814-01df-47f4b37bd9af,FTF,Behavioral Science,4500,0.189746,0.20850,0.27949,
138278d0-a0bf-fea4-9125-c83876eeb7e2,FTF,Behavioral Science,10500,0.232652,0.26554,0.44983,
765d38c5-4b18-43ed-fd77-92a0972b22ff,FTF,Biochemistry,0,0.166209,0.17932,0.22260,
16778a25-c1d6-5936-de09-0fe8bc20377e,FTF,Biochemistry,4500,0.186839,0.20443,0.26905,
992a7f5d-629c-0e28-1ed9-f9fadae21f83,FTF,Biochemistry,10500,0.226745,0.25658,0.41419,
133aa6c2-f19e-f6a3-ba1f-d861876b5aad,FTF,Biology,0,0.173667,0.18593,0.22633,
b3811ae9-0d12-7bb8-b266-150b216ac70f,FTF,Biology,4500,0.192951,0.20937,0.26966,
ce59f69f-66fd-8f8c-9ac7-72f6169bf237,FTF,Biology,10500,0.230198,0.25803,0.40472,
b8493b1a-a1ba-52cf-c04e-1fdab670f4f1,FTF,Biomedical Engineering,0,0.199926,0.21755,0.27833,
66e991e2-0427-1d66-d1fd-33c6686401fd,FTF,Biomedical Engineering,4500,0.227825,0.25233,0.34757,
d7285291-4e69-7c11-f0b0-c4efff1e1c16,FTF,Biomedical Engineering,10500,0.284342,0.32859,0.58964,
7cec5124-acba-ccc9-40a4-f40899913e39,FTF,Biomedical Physics,0,0.168431,0.18392,0.23600,
a226d1a6-eefc-5c58-f6af-3cb50eef6e6d,FTF,Biomedical Physics,4500,0.192869,0.21397,0.29309,
202fce4f-35e9-f56f-1a69-142c6c53ae14,FTF,Biomedical Physics,10500,0.241045,0.27766,0.47815,
8b262035-2bac-62db-5f72-6b86b48b243f,FTF,Biotechnology,0,0.202675,0.21897,0.27296,
11e10339-17d8-a70b-6add-1da6e21dbebf,FTF,Biotechnology,4500,0.228330,0.25025,0.33132,
baa147f4-061b-20ee-5fe0-a0f6dcebb688,FTF,Biotechnology,10500,0.278150,0.31559,0.51994,
39f9b6f8-1d24-bdc9-0316-b065f9d69e97,FTF,Botany,0,0.152867,0.16496,0.20539,
edee19c6-22de-5747-5f3d-401b726085c9,FTF,Botany,4500,0.171930,0.18832,0.24966,
a4b179ab-3f83-265e-483a-d85740c2621e,FTF,Botany,10500,0.209304,0.23769,0.39279,
61c1895c-464c-4bac-0279-5c7cb2c128ab,FTF,Business Administration,0,0.204385,0.21994,0.27233,
7b9c93e3-9685-3f2c-4d7b-6c9ecdfc2983,FTF,Business Administration,4500,0.228922,0.25013,0.33035,
9397723c-1aed-c2bb-5d48-8af12dab1e16,FTF,Business Administration,10500,0.277431,0.31458,0.52478,
3a583a11-7a39-b86e-3918-ffa3e3339580,FTF,Business Economics,0,0.203951,0.21871,0.26812,
1e7300bf-fe40-a7f2-51d7-57d0bbb02f01,FTF,Business Economics,4500,0.227219,0.24724,0.32241,
48b02b4a-c6ea-af73-8b35-56bbd21b58a8,FTF,Business Economics,10500,0.272906,0.30769,0.50249,
ba7b9f65-cced-4078-e55e-06b8adfb80a1,FTF,Business Law,0,0.167163,0.18128,0.22851,
95dc68b9-b6d9-2700-773e-df6c321c89ab,FTF,Business Law,4500,0.189418,0.20857,0.28007,
8442c74e-e30c-818f-765e-b01540b22b09,FTF,Business Law,10500,0.233077,0.26615,0.44550,
9dea3c07-4385-c1dc-378c-68174373b8b4,FTF,Cell and Molecular Biology,0,0.182729,0.19569,0.23853,
0e541a03-5b9e-8d10-2441-a6a9a1c62903,FTF,Cell and Molecular Biology,4500,0.203130,0.22053,0.28455,
053c9bb6-1279-f0c0-ee99-964db64a7f34,FTF,Cell and Molecular Biology,10500,0.242628,0.27218,0.42816,
d8e87a4d-e9a1-a6aa-769c-b6b197465786,FTF,Chemical Engineering,0,0.277791,0.29789,0.36536,
985f2201-e32d-cbae-c038-6ff1d43f1275,FTF,Chemical Engineering,4500,0.309483,0.33681,0.43981,
d74344b2-842d-21ef-dabd-cf0754011ae3,FTF,Chemical Engineering,10500,0.371911,0.41959,0.69372,
c4a5cd66-4c26-2db5-7aa2-24195392145e,FTF,Chemistry,0,0.189481,0.20396,0.25230,
47a48001-823c-3174-b00c-44b7db8c882e,FTF,Chemistry,4500,0.212296,0.23190,0.30502,
989131bb-dab9-6a62-a3b7-2799c88edff1,FTF,Chemistry,10500,0.256964,0.29078,0.47530,
6904be09-dfa9-ec6c-6625-296a94fe71df,FTF,Child Development,0,0.140408,0.15112,0.18664,
f736f34b-42b6-9ca6-4253-d6db48463832,FTF,Child Development,4500,0.157268,0.17168,0.22516,
e6f0b678-f6dc-0a3b-810f-5e9a5c96b420,FTF,Child Development,10500,0.190054,0.21477,0.34745,
8f193c69-8546-7f68-2695-8123fa5a6c87,FTF,Cinema/Film,0,0.140195,0.15056,0.18450,
439a53db-5a3a-8da2-4850-de0e3e7f612a,FTF,Cinema/Film,4500,0.156481,0.17029,0.22055,
ad23be09-a10b-9462-46f0-8018a644b92f,FTF,Cinema/Film,10500,0.187728,0.21090,0.32971,
e0f294f8-ff06-79a7-a313-ae741c59d9b2,FTF,City and Regional Planning,0,0.218218,0.23408,0.28715,
f3cb6206-3eda-8c23-e362-44263beed2a0,FTF,City and Regional Planning,4500,0.243219,0.26473,0.34533,
77d65394-4ac8-79df-b66e-2de723e91743,FTF,City and Regional Planning,10500,0.292286,0.32958,0.53705,
8756fd44-0058-c369-fe3a-41c7f405f389,FTF,Civil Engineering,0,0.267188,0.28731,0.35529,
c128f7cc-0a7f-df16-e9e3-8f505465d95b,FTF,Civil Engineering,4500,0.298950,0.32645,0.43089,
f4fa0cb3-b139-9edc-8394-c08f77506b44,FTF,Civil Engineering,10500,0.361914,0.41030,0.69227,
94e55c94-4fba-b703-75d6-e74f4fb96696,FTF,Classics,0,0.103066,0.11131,0.13791,
d5de9c91-1665-b216-f350-42a9a8108103,FTF,Classics,4500,0.115991,0.12684,0.16562,
2e370c5b-2ade-05ee-2c85-22802e6242ae,FTF,Classics,10500,0.140411,0.15826,0.24686,
bde87c8d-55df-f5cf-1c02-4e2abaf5212d,FTF,Communications,0,0.157787,0.17065,0.21372,
d4a060a1-5fad-e1bb-82c0-fa89cee4d95a,FTF,Communications,4500,0.178064,0.19552,0.26095,
e27ca3a9-cca1-c889-3327-9b2169352431,FTF,Communications,10500,0.217888,0.24816,0.41419,
44a1a0e0-80e6-1ee4-9dba-259060ebc022,FTF,Communicative Disorders,0,0.151884,0.16297,0.19933,
eebaab90-8bd1-d931-b5ad-3b425517b60c,FTF,Communicative Disorders,4500,0.169312,0.18410,0.23804,
4d40d2dd-c4bd-c250-7516-2147df8e3e7a,FTF,Communicative Disorders,10500,0.202790,0.22767,0.35696,
d3d61f77-0f9d-f1af-64b4-42b2a0184e47,FTF,Comparative Literature,0,0.099760,0.10810,0.13515,
517574f0-ce15-2b93-aaf4-21e7d7594740,FTF,Comparative Literature,4500,0.112848,0.12387,0.16356,
bc32f5b9-03cd-e54c-ffde-06d4c6bc21d4,FTF,Comparative Literature,10500,0.137708,0.15599,0.24809,
f3c0ae86-5323-7596-14c3-a05a6e155a10,FTF,Computer Engineering,0,0.270531,0.29071,0.35816,
2e900111-a579-c10c-a8e8-23ba50c639ea,FTF,Computer Engineering,4500,0.302328,0.32967,0.43214,
192d83e4-f996-6a5d-8c74-7c3984c83008,FTF,Computer Engineering,10500,0.364685,0.41209,0.68204,
3e612e40-ff6c-3306-1c09-f4b56c085447,FTF,Computer Engineering Technology,0,0.231953,0.24929,0.30725,
97d457d4-e19f-01d6-9664-df89a0991de4,FTF,Computer Engineering Technology,4500,0.259276,0.28278,0.37070,
a7d734d8-601d-565f-c396-4543ac23eb15,FTF,Computer Engineering Technology,10500,0.312859,0.35353,0.58066,
0c239d67-ebdb-55ac-74f0-8b3a20049bb0,FTF,Computer Science and Information Technology,0,0.260839,0.28007,0.34454,
d9c4f241-6e48-3dde-1d3d-7091e13b08b3,FTF,Computer Science and Information Technology,4500,0.291163,0.31729,0.41546,
4f0f5759-a0d4-d987-2f45-f00bc9a3fd25,FTF,Computer Science and Information Technology,10500,0.350793,0.39623,0.65483,
457ee9fd-84d3-b1e6-ba05-32e42ec4828e,FTF,Construction Engineering Technology,0,0.294657,0.31649,0.39022,
c2141ded-9348-7af1-285b-21497b93a315,FTF,Construction Engineering Technology,4500,0.329113,0.35894,0.47234,
0969079b-a700-eb5b-03b9-4f9b6e629265,FTF,Construction Engineering Technology,10500,0.397409,0.44995,0.76004,
62f19d4d-4108-653b-6798-315eebf1b68a,FTF,Creative Writing,0,0.128707,0.13802,0.16815,
1a05b29f-f8b3-018c-82d0-a5863a84d8b5,FTF,Creative Writing,4500,0.143314,0.15560,0.19964,
63e391cb-5f70-213b-f3f1-35d7080d479e,FTF,Creative Writing,10500,0.170996,0.19126,0.29211,
cc920c5d-f282-0170-3717-2d128960fd0f,FTF,Criminal Justice,0,0.181976,0.19555,0.24078,
ee732e4c-e816-cdb3-efbb-555899affbf2,FTF,Criminal Justice,4500,0.203354,0.22170,0.29009,
e19b793d-84c4-1dea-67ce-01dea16ddafb,FTF,Criminal Justice,10500,0.245143,0.27677,0.44950,
d19ff275-da36-565e-34bd-123b86bf2ce3,FTF,Dance,0,0.093363,0.10095,0.12515,
dc053dfd-c22c-00db-e363-dd264a864074,FTF,Dance,4500,0.105246,0.11514,0.14984,
9b460f73-f639-3df9-9c0b-ee80b31f7b4a,FTF,Dance,10500,0.127403,0.14333,0.21844,
45274e22-c5f4-45ec-ecc6-e5a67f7bfb2f,FTF,Dance - Performance,0,0.096003,0.10365,0.12795,
0b3a4d4d-a6f6-50d6-5582-65f8c3c7825a,FTF,Dance - Performance,4500,0.107966,0.11790,0.15261,
aee725c5-e877-7091-385b-1de0fb7a294a,FTF,Dance - Performance,10500,0.130203,0.14612,0.22019,
d0cca90b-c63c-fb6a-5266-c7fa7a466e57,FTF,Deaf Studies,0,0.135210,0.14587,0.18118,
2f087a08-e218-94f0-d1da-5fa4a6fb77aa,FTF,Deaf Studies,4500,0.151985,0.16632,0.21942,
61a68ea8-e4d4-cda7-5446-5b67fe0206a7,FTF,Deaf Studies,10500,0.184573,0.20911,0.34082,
fff5fa86-722d-c267-8989-1f367d6d8743,FTF,Design,0,0.158665,0.17065,0.21032,
337fc24b-59fd-af4d-2432-d43233ea2bc9,FTF,Design,4500,0.177533,0.19364,0.25304,
41a455a4-8891-4b82-bc34-8b15b9dc2909,FTF,Design,10500,0.214123,0.24155,0.38624,
d0bbfab9-f20e-c332-1f6c-14eee2643b1e,FTF,Dietetics/Nutritional Science,0,0.174843,0.18805,0.23186,
a810e30c-a78c-729d-91f0-49823913d607,FTF,Dietetics/Nutritional Science,4500,0.195633,0.21342,0.27919,
9e5fc712-a79d-dfbd-723b-519cfc8376e9,FTF,Dietetics/Nutritional Science,10500,0.236066,0.26645,0.42820,
cc2672fb-2034-a6f0-397e-3cffe10da09e,FTF,Earth Science,0,0.185455,0.19954,0.24636,
01dc5635-6132-4b50-cea0-0500b053df5d,FTF,Earth Science,4500,0.207633,0.22664,0.29708,
60703969-c703-922a-b953-097628de8372,FTF,Earth Science,10500,0.250869,0.28342,0.45745,
18d36b60-cc73-c494-45fd-d3b1f237007a,FTF,Economics,0,0.200183,0.21504,0.26481,
98488bca-ce76-15e8-b502-79f2663fbd76,FTF,Economics,4500,0.223609,0.24377,0.31948,
7455159c-77aa-ae82-2166-f3a66e9e875c,FTF,Economics,10500,0.269630,0.30466,0.50011,
86d6333d-c685-889c-3524-bc4524b6743f,FTF,Education,0,0.148033,0.15841,0.19209,
5c183924-8406-9aef-beba-159d8d89c698,FTF,Education,4500,0.164317,0.17804,0.22739,
a9be4e2e-d622-f94d-11b3-678e6df6afe8,FTF,Education,10500,0.195272,0.21799,0.33161,
7a983a59-2cf0-16e6-fc1b-b9e04f08a1a7,FTF,Electrical Engineering,0,0.270489,0.29110,0.36042,
fd946370-fba7-9c8a-fa53-3e9467347deb,FTF,Electrical Engineering,4500,0.303001,0.33108,0.43700,
6cf4db05-50eb-36de-eff6-fa997552adff,FTF,Electrical Engineering,10500,0.367158,0.41620,0.69838,
6d1a69d7-0722-d44c-106c-a1590e68007a,FTF,Electronic Engineering Technology,0,0.249043,0.26784,0.33121,
e8f4f231-3427-5720-ee8f-1b1775bcdbec,FTF,Electronic Engineering Technology,4500,0.278709,0.30436,0.40140,
a860c00b-8ee4-7f5b-96f1-c20eb5f6d34c,FTF,Electronic Engineering Technology,10500,0.337375,0.38232,0.64030,
b48b419e-582a-e2a0-65bf-dc75f60e68b3,FTF,Engineering Technology,0,0.274200,0.29523,0.36625,
610bc3ae-ddd0-f3b5-f43b-ba08a18808b7,FTF,Engineering Technology,4500,0.307393,0.33613,0.44518,
fe136b10-1c12-97f1-35d8-8b1c72b8ca84,FTF,Engineering Technology,10500,0.373170,0.42369,0.71849,
05444e80-9caa-3d1a-1071-3f220c4f177b,FTF,English,0,0.152015,0.16278,0.19809,
71de97ef-0605-83e5-6d60-da8d4386dab0,FTF,English,4500,0.168939,0.18330,0.23569,
8e878646-c015-8545-f994-0442d4768947,FTF,English,10500,0.201451,0.22561,0.35083,
9e102cbf-5bf2-e3a6-71b8-a9510cba43da,FTF,English Literature,0,0.136578,0.14703,0.18135,
f25e7119-2d45-f097-060c-34140fe66667,FTF,English Literature,4500,0.153010,0.16697,0.21793,
c55a5b92-7ad4-a446-7f4c-20bf7310ece1,FTF,English Literature,10500,0.184622,0.20813,0.32939,
cb2e32d7-e113-55b7-50de-c5944a0ffebf,FTF,Entrepreneurship & Small Business Management,0,0.176422,0.18861,0.22929,
3f4aa2ee-66b5-2d7a-06cc-e80c3b05b7c8,FTF,Entrepreneurship & Small Business Management,4500,0.195624,0.21211,0.27393,
7fb3b192-8d55-8bce-c7f2-991894ba3d2f,FTF,Entrepreneurship & Small Business Management,10500,0.233227,0.26183,0.42107,
dc6a95f7-6e3a-16ff-310c-5ef75b520719,FTF,Environmental and Occupational Health,0,0.216533,0.23271,0.28659,
6f614900-fec7-ee59-8222-f5032a3c7edb,FTF,Environmental and Occupational Health,4500,0.242015,0.26387,0.34522,
33d99555-4b5a-e285-dc70-902e702102a3,FTF,Environmental and Occupational Health,10500,0.291783,0.32939,0.53602,
f463a06d-fc6f-082e-f6d9-cbb25f0c8511,FTF,Environmental Biology & Ecology,0,0.158470,0.17041,0.21019,
2a4f2fbe-8c9b-86f4-d621-14beb6e61489,FTF,Environmental Biology & Ecology,4500,0.177282,0.19341,0.25351,
c7e29243-cb79-db96-23e1-9107977fc394,FTF,Environmental Biology & Ecology,10500,0.214024,0.24181,0.39177,
2899c352-4d8e-a54f-f0c5-b130511ee52c,FTF,Environmental Studies,0,0.166240,0.17879,0.22051,
f001f226-4fac-e264-03d6-58f899bc57ca,FTF,Environmental Studies,4500,0.186001,0.20293,0.26584,
f3bad128-6eb3-9e76-d685-844b0719c2a1,FTF,Environmental Studies,10500,0.224531,0.25361,0.41065,
5feb9c97-0588-9e82-05b8-c22e70a434b0,FTF,Ethnic Studies,0,0.111589,0.12253,0.15872,
4d4bf126-8567-3b42-db4b-f353a004f5b2,FTF,Ethnic Studies,4500,0.128807,0.14351,0.19754,
185076e4-126a-2761-7fd9-71e243304dba,FTF,Ethnic Studies,10500,0.162183,0.18713,0.31551,
b9605509-69c1-ab02-6069-d0d01ca4ab83,FTF,European Studies,0,0.082713,0.09114,0.11915,
37251572-719d-b183-a1fe-f1f4a60dc1e9,FTF,European Studies,4500,0.095975,0.10733,0.14994,
12ff0701-65e7-8dfe-8831-45ce8938eb66,FTF,European Studies,10500,0.121857,0.14157,0.25192,
a9896439-6ff4-2e1d-f757-b62262be7b65,FTF,Family and Consumer Sciences,0,0.139841,0.15259,0.19532,
f71e4b1e-e467-0513-c21e-1ccc91223f4d,FTF,Family and Consumer Sciences,4500,0.159945,0.17726,0.24212,
f2337fed-c83f-118d-b58f-2d2067132fc3,FTF,Family and Consumer Sciences,10500,0.199460,0.22947,0.39237,
20253329-b8f8-f636-8b07-85eb90db6cd3,FTF,Finance,0,0.206719,0.22290,0.27751,
dc5bf9c4-5141-be1d-c3b8-ea29f1d8bf31,FTF,Finance,4500,0.232260,0.25436,0.33805,
187213b1-6157-2efb-49cf-2727ca18a1f9,FTF,Finance,10500,0.282833,0.32160,0.54149,
43109c48-3e1f-f94b-f08a-8177f52b77e3,FTF,Food Science and Technology,0,0.214705,0.23054,0.28398,
ecf742ed-1747-5bf1-2258-6e6a55d0f771,FTF,Food Science and Technology,4500,0.239691,0.26132,0.34343,
45ffb918-957a-fe85-e7e2-9b0edca01452,FTF,Food Science and Technology,10500,0.289198,0.32725,0.54536,
a94a6e30-b5c7-e73e-4b4e-1e6d68c5dac9,FTF,French,0,0.086638,0.09229,0.10966,
3583f39a-56bd-1855-6ac5-9a683b89390a,FTF,French,4500,0.095441,0.10259,0.12644,
90c62014-b007-6a23-7de5-4a4d20dbc121,FTF,French,10500,0.111230,0.12211,0.16872,
695896d5-7b41-a148-63f4-8f9e9693b079,FTF,Geography,0,0.165690,0.17785,0.21807,
1cec1d3c-9021-eb9c-7fa4-0dd476962fd5,FTF,Geography,4500,0.184830,0.20116,0.26142,
eeb508bf-e808-bddc-5f92-9403b1ce2d23,FTF,Geography,10500,0.221927,0.24976,0.39797,
b700891f-6842-864e-948c-b84181276ec8,FTF,Geology,0,0.198326,0.21386,0.26619,
1bdf1bf0-3f8d-fbca-0051-d3a51b9adcde,FTF,Geology,4500,0.222838,0.24402,0.32399,
1a766ea8-2bc5-a428-a7e0-17c169bcb2fe,FTF,Geology,10500,0.271274,0.30831,0.51594,
d8abfab5-cebd-5bd3-40ab-8e4c219a0452,FTF,German,0,0.112566,0.12092,0.14762,
5ab62269-624f-d015-dd32-79796c01d8e5,FTF,German,4500,0.125650,0.13656,0.17493,
13137816-eb1e-a28f-3e3f-ae0796d4f420,FTF,German,10500,0.150108,0.16772,0.25119,
4c2b1551-f289-9b77-9eb0-c0bd35643265,FTF,Graphic Design,0,0.165355,0.17863,0.22322,
d3823fa4-a2d2-fa8a-a63d-8ae200cbe894,FTF,Graphic Design,4500,0.186286,0.20435,0.27238,
55f11e7a-865f-1bef-dc81-e1c3ad97f963,FTF,Graphic Design,10500,0.227554,0.25905,0.43326,
bd12b66b-cab8-beb6-6be1-ec2adeeba5fd,FTF,Health Care Management/Administration,0,0.156559,0.17029,0.21692,
b53efee7-5a97-e47f-a28e-8424a0165d24,FTF,Health Care Management/Administration,4500,0.178252,0.19710,0.26894,
41202501-0612-398d-ab43-0bae3fb134e6,FTF,Health Care Management/Administration,10500,0.221478,0.25478,0.44174,
c3b32f6d-f975-4a7f-bb04-887a34dd5c95,FTF,Health Education,0,0.123017,0.13298,0.16590,
95b53acf-ab21-cce0-0999-3b6b56d35182,FTF,Health Education,4500,0.138693,0.15206,0.20142,
20fbb6a8-7f1a-fb02-f7c4-4787bc9fab90,FTF,Health Education,10500,0.169058,0.19186,0.31288,
ed1fd237-26f4-84b4-c629-38a223dc6941,FTF,Health Science,0,0.156769,0.16865,0.20814,
580730aa-7c0e-4418-4c87-cad6b71fa64c,FTF,Health Science,4500,0.175484,0.19151,0.25104,
b69bef75-0566-16ae-630f-58b5db57ac5f,FTF,Health Science,10500,0.211947,0.23946,0.38806,
8ef1aab3-d4c1-627d-1930-3f618455e426,FTF,History,0,0.151354,0.16223,0.19794,
70ec877e-97e7-783d-94b0-503adf9fccc8,FTF,History,4500,0.168453,0.18297,0.23601,
72257fdf-f3a0-de53-a3e7-d95548f5ed6b,FTF,History,10500,0.201341,0.22581,0.35254,
77e32fcb-9270-f60f-ee9a-887ddbda2807,FTF,Hotel and Restaurant/Hospitality Management,0,0.164432,0.17793,0.22342,
79eadb56-010b-4af2-0d82-a40d041eed3e,FTF,Hotel and Restaurant/Hospitality Management,4500,0.185723,0.20414,0.27380,
bf761ec2-c44a-3410-6fef-4d47312f9911,FTF,Hotel and Restaurant/Hospitality Management,10500,0.227850,0.26012,0.44010,
9fcc0ff2-41ab-a3d7-064c-fdf364f2d43e,FTF,Human Development,0,0.127803,0.13854,0.17424,
f27faa05-e751-5cf7-1240-ae73b5b03e25,FTF,Human Development,4500,0.144714,0.15920,0.21299,
298535dc-7971-bcac-f958-7eb8d4e40618,FTF,Human Development,10500,0.177675,0.20254,0.33493,
6f67401e-76ca-5387-3c6f-d59c1d198ddf,FTF,Human Resources/Personnel Management,0,0.176058,0.19110,0.24213,
316f3c14-c2c7-42e9-1a95-1b4a22db09b6,FTF,Human Resources/Personnel Management,4500,0.199818,0.22045,0.29896,
7bf75c7b-34b1-3c3e-6952-0bf8daff336d,FTF,Human Resources/Personnel Management,10500,0.247111,0.28350,0.48888,
5e835b62-bdbc-3298-523e-f9e76aa27996,FTF,Human Services,0,0.143843,0.15619,0.19787,
5475c5a9-92d6-562e-5f2e-3fa1591c07c0,FTF,Human Services,4500,0.163331,0.18020,0.24413,
592a9289-ebd2-2194-e5e0-df8d7ddec2b8,FTF,Human Services,10500,0.201934,0.23156,0.39682,
0ab418b7-3cd5-f4be-d243-5a33890c2fea,FTF,Humanities,0,0.062444,0.07017,0.09550,
2c21a146-aec1-49af-5a2e-4429e577a3cd,FTF,Humanities,4500,0.074585,0.08488,0.12269,
e2c85f7e-f207-4fd1-09da-3b2816f79e79,FTF,Humanities,10500,0.097921,0.11537,0.20771,
54e0b529-cd03-7cec-0681-c5fbc89c8ef7,FTF,Industrial Design,0,0.209814,0.22636,0.28217,
aae3418a-deb9-11f3-ee0a-1f0b722d9d85,FTF,Industrial Design,4500,0.235926,0.25852,0.34394,
864373f7-3de6-e2a1-7d13-9a19152e63df,FTF,Industrial Design,10500,0.287600,0.32716,0.55067,
e0bdcb5b-8205-0232-deb7-99e13a915609,FTF,Industrial Engineering,0,0.271914,0.29231,0.36144,
ebf633cc-d068-9756-c32f-bc8d4c96df1d,FTF,Industrial Engineering,4500,0.304117,0.33208,0.43864,
fb95cb78-739d-f369-1f19-4a91269ba8c7,FTF,Industrial Engineering,10500,0.368202,0.41760,0.70666,
a971fb4a-a2e2-0ffc-7cc9-f73fab7e89b8,FTF,Information Systems,0,0.226428,0.24390,0.30274,
40a0ffd7-6d1d-fe41-fa1d-769287125e73,FTF,Information Systems,4500,0.253993,0.27781,0.36780,
dd930cbc-fbac-92f1-7ae9-0041a9e31173,FTF,Information Systems,10500,0.308458,0.35013,0.58699,
8d007cf9-41ee-cbec-cf7b-55f72091d0d2,FTF,Interior Design,0,0.210896,0.22741,0.28328,
3a480a71-d301-182e-9915-5ce6d0347e57,FTF,Interior Design,4500,0.236964,0.25956,0.34549,
464f07c4-3f79-6ae5-1af3-1e35ec0da39d,FTF,Interior Design,10500,0.288731,0.32855,0.55697,
3021b7ef-ecf6-3ed8-8e48-61898d1d71b7,FTF,International Business,0,0.183880,0.19870,0.24859,
cbbfe13b-9fa3-d1e1-8055-c6e74b075a15,FTF,International Business,4500,0.207264,0.22746,0.30370,
fe05e20e-54d4-02d2-1a44-8ec10a7109c6,FTF,International Business,10500,0.253443,0.28875,0.48661,
ad91b13f-1f63-b7b6-c173-2c5cebd62e93,FTF,International Studies,0,0.166438,0.17771,0.21436,
d47a9aea-017f-3764-135e-c42abb67146d,FTF,International Studies,4500,0.184133,0.19906,0.25285,
1f3e7121-e31c-d619-dc9c-b05e759ebe9d,FTF,International Studies,10500,0.217825,0.24259,0.36728,
d9d520c4-4b99-23ce-3499-00d98a9ca12d,FTF,Japanese,0,0.137451,0.14682,0.17721,
e9a8118c-4e8c-abe6-873b-7baa4769c25c,FTF,Japanese,4500,0.152156,0.16454,0.20910,
53dd626d-cfe1-f350-82de-2f470f1f7202,FTF,Japanese,10500,0.180079,0.20060,0.30442,
30681bf9-18b2-550e-b2e2-03641f8f5d30,FTF,Jewish Studies,0,0.145351,0.15635,0.19259,
70d1e223-3c52-2595-123e-a67bafa6bb4a,FTF,Jewish Studies,4500,0.162654,0.17738,0.23143,
3635f959-12c8-7e28-ff92-4f2768b61a33,FTF,Jewish Studies,10500,0.196057,0.22100,0.35154,
21e28976-3d0d-a1b7-8c3e-e73e0f711be8,FTF,Journalism,0,0.159381,0.17193,0.21378,
3c452dfd-5ba9-01b0-c813-9aa6307d3e5c,FTF,Journalism,4500,0.179146,0.19612,0.25945,
c9b718fe-d938-c80e-3bb1-9b5b1d185ebb,FTF,Journalism,10500,0.217822,0.24711,0.40594,
6ce04396-3c82-989f-79ea-afbf5f161e91,FTF,Kinesiology,0,0.148132,0.15849,0.19235,
feb2bad0-3728-05d6-ec2d-ad593370f86f,FTF,Kinesiology,4500,0.164400,0.17818,0.22829,
d18436e2-f93b-cfcd-824b-73ec4d3b30fd,FTF,Kinesiology,10500,0.195568,0.21867,0.33771,
b04b495e-1758-514e-674c-c2b3444c9d62,FTF,Land Resource Management,0,0.179019,0.19307,0.24013,
22959e26-602d-5b82-f3fa-f915f9ae001a,FTF,Land Resource Management,4500,0.201167,0.22024,0.29171,
4eaf8e9b-b99c-d7bf-f1db-705d6031f4dd,FTF,Land Resource Management,10500,0.244685,0.27775,0.45923,
3b8bf67e-e4ec-6dda-ad03-3e51497e54c3,FTF,Landscape Architecture,0,0.190102,0.20581,0.25880,
fcb8bd2c-19b4-f9c4-c8ee-3d58d39d7e3d,FTF,Landscape Architecture,4500,0.214893,0.23634,0.31741,
98086403-f2b3-32aa-2328-be2b54644e3d,FTF,Landscape Architecture,10500,0.263955,0.30150,0.51242,
cbad1373-eb97-3374-d57f-cfcf917ed30c,FTF,Latin/Central American Studies,0,0.182436,0.19354,0.22951,
42fa3877-42a1-bd9e-2d0d-1d8cb8fe6fc4,FTF,Latin/Central American Studies,4500,0.199856,0.21452,0.26724,
5f44c9bd-be8e-ea0d-655d-6732320efb02,FTF,Latin/Central American Studies,10500,0.232907,0.25718,0.38130,
e2548552-3b9e-2aad-8124-d34fb74fb21f,FTF,Liberal Studies,0,0.152574,0.16406,0.20209,
80663ead-f7df-ebe0-5f8b-f24418bfcfbf,FTF,Liberal Studies,4500,0.170646,0.18609,0.24320,
f6ab8119-8dff-f2c7-dff5-bb0cc81657a5,FTF,Liberal Studies,10500,0.205746,0.23213,0.37255,
e814b70d-ff91-0878-f7d5-65c1d9ed1ff7,FTF,Linguistics,0,0.145790,0.15529,0.18588,
fe25c9c6-0ba1-15ad-96fe-83ffbbe8e509,FTF,Linguistics,4500,0.160689,0.17317,0.21759,
a73eba99-cdeb-7df4-409b-dff5dc446e59,FTF,Linguistics,10500,0.188754,0.20918,0.30984,
48b05615-74d7-af82-aebb-6ea11a9fb5c8,FTF,Management,0,0.191227,0.20652,0.25810,
c2ac5cbd-202c-3518-5b0d-9f907af5de46,FTF,Management,4500,0.215364,0.23624,0.31521,
4dcaf09c-6339-ac36-882f-6c9f2d1c55f4,FTF,Management,10500,0.263119,0.29969,0.50583,
ba7c3817-0689-5bfa-49d6-fa013cb3ef1b,FTF,Management Systems Analysis / Operations Research,0,0.182042,0.19699,0.24747,
da9f3cc9-4539-3f5a-b842-12b6d0d08687,FTF,Management Systems Analysis / Operations Research,4500,0.205639,0.22607,0.30351,
94f57c36-a6c8-1c19-a8e6-39dda1fbb6a8,FTF,Management Systems Analysis / Operations Research,10500,0.252395,0.28828,0.49116,
461a1b15-d04b-5587-a8eb-ec8f57e79425,FTF,Manufacturing Engineering,0,0.269144,0.28967,0.35849,
bba98c92-1f8b-c30b-006e-7a174b6d4111,FTF,Manufacturing Engineering,4500,0.301506,0.32939,0.43436,
c2199b51-2397-c0c8-a84b-5f945b279a80,FTF,Manufacturing Engineering,10500,0.365171,0.41375,0.69381,
7d0d44cc-a47d-f6dd-d0b7-bff2767c62ee,FTF,Manufacturing Engineering Technology,0,0.174843,0.19097,0.24728,
cef475cf-db84-f07a-e3c3-9f289121463a,FTF,Manufacturing Engineering Technology,4500,0.200414,0.22306,0.31270,
d75ddf25-912b-a221-0a7c-937a02888fa0,FTF,Manufacturing Engineering Technology,10500,0.252909,0.29465,0.54774,
f5d72f2a-158b-f190-686b-a8216dba45bf,FTF,Marine Biology,0,0.151173,0.16151,0.19501,
69fdd593-5bd3-4dce-3182-693d14b0f9c2,FTF,Marine Biology,4500,0.167393,0.18105,0.23007,
38bd2040-46c6-bac4-3db3-b33e034c5207,FTF,Marine Biology,10500,0.198176,0.22074,0.33369,
807f4f85-1dfd-b725-030e-ecd1de062a1a,FTF,Marketing,0,0.193858,0.20884,0.25926,
e2effe8b-8e24-cdf9-9502-9ed3903653f4,FTF,Marketing,4500,0.217492,0.23791,0.31499,
5ae2669e-35d1-0901-666c-bb77c1a8499b,FTF,Marketing,10500,0.264166,0.29986,0.50041,
55c8877b-95bd-57b5-dab8-5a7a7c0ea18f,FTF,Mathematics,0,0.184157,0.19760,0.24225,
36c4daf0-9728-8fa3-1589-695ca1772896,FTF,Mathematics,4500,0.205320,0.22344,0.29063,
115ea801-996d-4aec-5f5d-5f8b068a217c,FTF,Mathematics,10500,0.246544,0.27759,0.44403,
4aca64d4-3291-40f5-d72c-7725e9af32cc,FTF,Mechanical Engineering,0,0.277873,0.29857,0.36836,
95f970df-5698-8f4e-69f9-578bb9aef499,FTF,Mechanical Engineering,4500,0.310535,0.33878,0.44577,
deeaba98-5256-a777-1f66-99e4a5ece069,FTF,Mechanical Engineering,10500,0.375152,0.42471,0.71265,
6356aa79-7d18-a194-76b4-b674e1383c26,FTF,Mechanical Engineering Technology,0,0.220667,0.23862,0.29967,
eab14d03-021a-7890-6e89-b35573beacb0,FTF,Mechanical Engineering Technology,4500,0.249034,0.27371,0.36805,
1442d888-1241-bdcb-0384-3bd7ef8f375f,FTF,Mechanical Engineering Technology,10500,0.305653,0.34940,0.60352,
720f7bc0-1e80-e8d6-12dd-0ef27bfc71fb,FTF,Medical Technology,0,0.216289,0.23199,0.28417,
47b1a7bf-1b78-2bc3-f86d-008af27be8a0,FTF,Medical Technology,4500,0.241013,0.26219,0.34076,
071784ed-c75f-138c-5f12-2b5f550a563d,FTF,Medical Technology,10500,0.289192,0.32550,0.52304,
78525eef-a7f8-b85c-700a-c80776c8215e,FTF,Mexican-American Studies,0,0.150033,0.16166,0.20066,
48f26965-129b-7911-57b0-a6351d7721db,FTF,Mexican-American Studies,4500,0.168363,0.18416,0.24371,
3fdca3b7-7519-cea7-7582-39fdbf3f5ebb,FTF,Mexican-American Studies,10500,0.204452,0.23203,0.38516,
81bbde79-35e2-c244-9d85-f8772f6e154f,FTF,Microbiology,0,0.202561,0.21735,0.26646,
57776020-92ba-6b79-822b-650a3a4430af,FTF,Microbiology,4500,0.225851,0.24578,0.31965,
a2af314b-4931-dade-81b0-bafe7a8d5172,FTF,Microbiology,10500,0.271183,0.30531,0.49011,
e5ae4ec0-6279-fc51-0a94-5543ac1362b3,FTF,Multimedia,0,0.147605,0.15852,0.19449,
34d34dc1-61b0-21c5-52f3-4185de6964e2,FTF,Multimedia,4500,0.164775,0.17939,0.23308,
524cac0d-ec09-8540-ef3e-15d251e01e52,FTF,Multimedia,10500,0.197934,0.22272,0.35283,
6553b9e6-a749-5174-efa0-4099eed5a5ab,FTF,Music,0,0.141210,0.15168,0.18602,
68ade31c-f361-bab6-efc2-35bd1e9b9af7,FTF,Music,4500,0.157665,0.17163,0.22260,
e9a328df-b60b-67a1-4fc5-b934d5fe76ec,FTF,Music,10500,0.189288,0.21280,0.33455,
ae610b83-9b13-786a-d77f-e74e0fd5309e,FTF,Music - Performance,0,0.046688,0.05353,0.07520,
06c6e709-7779-4d78-adf1-ecdbe8e18c81,FTF,Music - Performance,4500,0.057389,0.06626,0.09709,
a3149799-57d8-91fc-9cd9-557db946cb4e,FTF,Music - Performance,10500,0.077202,0.09134,0.15646,
2a995e86-4146-e46b-9ad6-8044b8700278,FTF,Music Education,0,0.196053,0.21052,0.25850,
c6df46e8-888e-07f3-1837-52ee7520b892,FTF,Music Education,4500,0.218828,0.23831,0.31028,
8ebcf5cf-5665-12c9-cada-c8f7f2697d02,FTF,Music Education,10500,0.263111,0.29635,0.47284,
bceb0625-b9d7-5f88-6361-c95e78b8ca6b,FTF,Performing Arts,0,0.138470,0.14897,0.18354,
3aa700f9-bd39-2fb7-6f39-735e4c57b96d,FTF,Performing Arts,4500,0.154984,0.16903,0.22058,
45b080ea-72c1-0cf9-8b6f-3f3b7f0caf8e,FTF,Performing Arts,10500,0.186840,0.21063,0.33553,
2673a083-e926-dc62-0fdf-5415c812c8a0,FTF,Philosophy,0,0.148944,0.16000,0.19661,
ae5abf3e-a99d-2662-cddf-666e3490d8c3,FTF,Philosophy,4500,0.166340,0.18120,0.23623,
f40865f1-1adc-4712-3deb-075b75eb9966,FTF,Philosophy,10500,0.200126,0.22555,0.36148,
8e6326d1-8fc2-2e46-0d78-c8bf73e1e19e,FTF,Physics,0,0.177933,0.19081,0.23340,
c7efcb40-0894-5b6c-f783-654409e55491,FTF,Physics,4500,0.198198,0.21550,0.27925,
c6fb5134-f2ff-ecc5-5207-bad73da9ed2c,FTF,Physics,10500,0.237489,0.26692,0.42224,
916b6f6c-4ca2-6ee3-9aee-0eb8bbfff697,FTF,Political Science,0,0.155603,0.16758,0.20729,
837bd3a9-4600-76a5-c852-6a9552de4e34,FTF,Political Science,4500,0.174458,0.19058,0.25023,
38c50c6b-2084-ef24-93f8-46a9e6e3160a,FTF,Political Science,10500,0.211104,0.23866,0.38600,
ba22f917-8c45-de8d-30c7-82f69b7e8238,FTF,Pre-Nursing & Nursing RN-BS,0,0.309410,0.33251,0.41027,
cabb14be-2688-5a8e-8121-d686eb90ec97,FTF,Pre-Nursing & Nursing RN-BS,4500,0.345851,0.37733,0.49641,
be972db0-56e4-3bb1-07aa-de77f3f82bee,FTF,Pre-Nursing & Nursing RN-BS,10500,0.417835,0.47298,0.79572,
8dae2828-c19b-964c-1c34-1188062dec3e,FTF,Production and Operations Management,0,0.199360,0.21690,0.27702,
c1a4b80c-4c90-c0b0-2dd2-1351c95946d4,FTF,Production and Operations Management,4500,0.227102,0.25138,0.34484,
0d115834-b63f-dc28-1955-6c4d68b86230,FTF,Production and Operations Management,10500,0.282937,0.32632,0.57729,
58835734-c073-08f7-d248-c2b6e4558f25,FTF,Psychology,0,0.143335,0.15446,0.19133,
c4992b84-d35a-3bd9-2bc7-ce93c260c608,FTF,Psychology,4500,0.160851,0.17582,0.23123,
4604ac25-00e0-e16f-cb78-060b4f1548cb,FTF,Psychology,10500,0.194878,0.22048,0.35730,
a2bc2c3c-bf93-82e9-90b3-97a48468b19c,FTF,Public Administration,0,0.168720,0.18252,0.22916,
0f7ba6e5-7d99-fbfa-3307-038c5231acc9,FTF,Public Administration,4500,0.190501,0.20937,0.28094,
e5ff977c-6455-0ec6-704b-dd6244bf744b,FTF,Public Administration,10500,0.233705,0.26687,0.45256,
701a75df-6d2d-907d-fc5c-927cb96179ed,FTF,Public Health,0,0.128857,0.14017,0.17847,
52dd48e9-5ef0-62b4-7ab5-e9a1bd3446cf,FTF,Public Health,4500,0.146718,0.16220,0.22131,
149d41d3-2b30-51a5-b323-393dacdad9f4,FTF,Public Health,10500,0.182214,0.20962,0.36516,
ddba464d-ef80-7b55-3731-ac3a7e01aa65,FTF,Public Relations,0,0.179510,0.19361,0.24106,
ec791d6f-853f-24fa-0ee8-3bffa4b1f831,FTF,Public Relations,4500,0.201751,0.22096,0.29347,
209bf298-c3a4-5fcd-7e5a-87b92fcb8aee,FTF,Public Relations,10500,0.245669,0.27925,0.46689,
aadbca5f-98d6-7198-15b6-cebbe6f3adb6,FTF,Radio/Television/Broadcast,0,0.149401,0.16073,0.19826,
4d5a0a16-4e48-962d-cbca-fe38260ebe0f,FTF,Radio/Television/Broadcast,4500,0.167233,0.18247,0.23885,
2079ffe7-1e7b-91c3-4244-4d956bd439e0,FTF,Radio/Television/Broadcast,10500,0.201864,0.22791,0.36715,
931fcc1c-8bf2-ed73-cc2c-a8789d76d135,FTF,Radiologic Science & Technology,0,0.292501,0.31593,0.39450,
d96e87b0-b5de-587b-8076-1b8aea474698,FTF,Radiologic Science & Technology,4500,0.329448,0.36128,0.48100,
6e96d99e-b12a-bb1c-aefd-55624970099e,FTF,Radiologic Science & Technology,10500,0.402118,0.45752,0.77842,
f4f620c2-dc1f-8c3a-61fd-b8488852c598,FTF,Real Estate,0,0.187388,0.20216,0.25196,
d16f30bf-3243-cb93-151e-2ee554ae3e11,FTF,Real Estate,4500,0.210691,0.23085,0.30710,
65ff68fc-c012-0403-cada-2bef6c58dd8b,FTF,Real Estate,10500,0.256808,0.29213,0.49022,
98e092c5-89de-518d-8674-1bc2dab908ad,FTF,Recreation Management & Administration,0,0.157437,0.16914,0.20797,
2c76f9d0-a835-242a-2299-593fc9f9e6d6,FTF,Recreation Management & Administration,4500,0.175862,0.19162,0.25008,
b7390e4a-862f-e03b-195a-f38e2f6a8686,FTF,Recreation Management & Administration,10500,0.211702,0.23872,0.38450,
f74b327d-d03a-d010-9e6e-def4b433b27c,FTF,Religious Studies,0,0.120279,0.13264,0.17287,
e84d456d-6844-a194-9777-5e37a6bd9c0f,FTF,Religious Studies,4500,0.139689,0.15608,0.21514,
e271e808-753c-1d5c-590f-a6d47c0a1cf5,FTF,Religious Studies,10500,0.176672,0.20387,0.34171,
025e4410-5bcd-6475-c24f-79dddee58122,FTF,Social Science,0,0.164253,0.17609,0.21496,
11ce14d6-17ac-919f-6aca-0c9e3de4c786,FTF,Social Science,4500,0.182862,0.19867,0.25646,
77b96db2-c487-fa26-73ae-5278c7a3ae4a,FTF,Social Science,10500,0.218672,0.24533,0.38515,
d89b5791-36b5-a208-c4ea-14f8a07bee02,FTF,Social Work,0,0.153659,0.16620,0.20813,
8e7b588e-7b6c-7ef5-8323-d20725f50209,FTF,Social Work,4500,0.173417,0.19041,0.25406,
d4c81fde-d9c0-32af-f028-c7ecccec5a58,FTF,Social Work,10500,0.212185,0.24163,0.40279,
5fd32d9f-020c-43ec-ab2e-a5714ace9073,FTF,Sociology,0,0.158250,0.17066,0.21211,
99fac211-485d-af6f-8f01-710ce3a928f7,FTF,Sociology,4500,0.177808,0.19461,0.25743,
c19b7b81-0008-b78b-bc41-9b6525493141,FTF,Sociology,10500,0.216114,0.24517,0.40385,
6911ebdc-3053-c269-a6fb-b0f36b8e106c,FTF,Spanish,0,0.151615,0.16321,0.20157,
364216f0-9f19-487b-e18e-1d6697ee869d,FTF,Spanish,4500,0.169861,0.18544,0.24297,
a544327c-53db-8251-9b4a-29961091bd8a,FTF,Spanish,10500,0.205249,0.23182,0.37354,
309ae2ae-dd54-39f5-4574-54a10e0d72d1,FTF,Speech Communication,0,0.159693,0.17303,0.21782,
6fb69ef1-1248-6709-95c4-bc9ba384e1b1,FTF,Speech Communication,4500,0.180729,0.19887,0.26705,
0bfbe292-de30-2b49-b78e-2dc52a5d0952,FTF,Speech Communication,10500,0.222162,0.25372,0.42707,
a3e8d793-d1ba-07ea-1003-2fd89df0de63,FTF,Speech Language Pathology,0,0.083353,0.09158,0.11871,
c7f31547-da1f-d0ba-282c-4f89ee0bd7b6,FTF,Speech Language Pathology,4500,0.096294,0.10731,0.14807,
224a9465-9e57-e8e9-3642-d30206f98bed,FTF,Speech Language Pathology,10500,0.121312,0.14014,0.24183,
87effc07-27ed-9990-7244-efd75bbedc2b,FTF,Statistics,0,0.227326,0.24356,0.29802,
58e5c217-46e4-2d3e-03bd-913de8255c00,FTF,Statistics,4500,0.252917,0.27498,0.35807,
7484816e-6d13-7676-3f1a-94b1c551c384,FTF,Statistics,10500,0.303304,0.34177,0.55936,
9f620015-743d-ba25-a983-73ee8e44230a,FTF,Theatre Arts,0,0.098301,0.10685,0.13464,
c77bcfc1-391f-fe91-bdfb-a978d69223b7,FTF,Theatre Arts,4500,0.111716,0.12303,0.16392,
cb4ca433-c07f-9a1a-0765-da94b131d9d7,FTF,Theatre Arts,10500,0.137268,0.15610,0.25141,
57da09da-2605-e077-8064-ae2ddd62294f,FTF,Theatre Arts - Performance,0,N/A,N/A,N/A,
98a935e0-b721-6992-4138-9f578f7b1eaa,FTF,Theatre Arts - Performance,4500,N/A,N/A,N/A,
773790c1-619c-3b56-be42-2d545a275f04,FTF,Theatre Arts - Performance,10500,N/A,N/A,N/A,
7c158050-dbea-d62e-6513-8018f1b8c1cf,FTF,Travel and Tourism/Tourism Management,0,0.165349,0.17851,0.22289,
1fea382b-dd3b-da6d-226f-45b047d478f3,FTF,Travel and Tourism/Tourism Management,4500,0.186120,0.20408,0.27209,
a86abf89-615a-2b9b-a303-b52b09629187,FTF,Travel and Tourism/Tourism Management,10500,0.227215,0.25872,0.43521,
b5aec5ca-c54b-2ce8-fd10-ee97e2d129a0,FTF,Urban Studies,0,0.164456,0.17667,0.21765,
961c8538-ae9c-6f4a-00af-2c8e85d7746b,FTF,Urban Studies,4500,0.183707,0.20030,0.26288,
33ecd14f-bc56-10aa-8843-3888687b918b,FTF,Urban Studies,10500,0.221629,0.25060,0.41142,
f0470e09-9c05-1786-96af-0bc5cf40690c,FTF,Women's Studies,0,0.113122,0.12434,0.16129,
7e67dce5-cc8c-5991-a625-367f98fb89eb,FTF,Women's Studies,4500,0.130770,0.14579,0.20073,
caf9babd-57dd-a3f1-ad10-5f0b86716ce7,FTF,Women's Studies,10500,0.164820,0.19017,0.32074,
46f3c34e-e41b-4f62-575c-9141b2758199,FTF,World Languages and Cultures/Translation,0,0.103897,0.11233,0.13958,
fdcae2fb-6759-ea27-8942-a86ee3571935,FTF,World Languages and Cultures/Translation,4500,0.117125,0.12824,0.16798,
35e58ee5-bd3a-86c1-4382-af1a2d7b3fd9,FTF,World Languages and Cultures/Translation,10500,0.142146,0.16044,0.25076,
d6af6bfb-7de0-02f7-b865-e9540514117b,FTF,Zoology,0,0.132479,0.14237,0.17492,
e5ffe037-9572-8147-0058-7485d4fb79d7,FTF,Zoology,4500,0.148037,0.16126,0.20981,
0c858f41-4829-405c-8e94-55c64c44f9ed,FTF,Zoology,10500,0.178029,0.20044,0.31819,