guid	entry_status	major	in_school_earning	fin_aid_0	fin_aid_3000	fin_aid_10000
28	FTF	Accounting	0	0.24507199999999998	0.26338	0.32503000000000004
28	FTF	Accounting	4500	0.273958	0.29891999999999996	0.39324000000000003
28	FTF	Accounting	10500	0.331025	0.37471	0.62479
161	FTF	Advertising	0	0.189325	0.20403	0.25359
161	FTF	Advertising	4500	0.212529	0.23259000000000002	0.30849
161	FTF	Advertising	10500	0.258417	0.29358	0.49194
58	FTF	Aerospace Engineering	0	0.275623	0.29575	0.36344
58	FTF	Aerospace Engineering	4500	0.307373	0.33478	0.43826000000000004
58	FTF	Aerospace Engineering	10500	0.370019	0.41793	0.69398
145	FTF	African-American Studies	0	0.08025	0.09158	0.12934
145	FTF	African-American Studies	4500	0.098098	0.11342	0.17035
145	FTF	African-American Studies	10500	0.132983	0.1593	0.29783000000000004
7	FTF	Agricultural Biology and Plant & Irrigation Science	0	0.21485100000000001	0.23008	0.28108
7	FTF	Agricultural Biology and Plant & Irrigation Science	4500	0.238853	0.25952	0.33715
7	FTF	Agricultural Biology and Plant & Irrigation Science	10500	0.286019	0.32195	0.52344
5	FTF	Agricultural Business	0	0.187452	0.20144	0.24839
5	FTF	Agricultural Business	4500	0.209506	0.22851999999999997	0.30012
5	FTF	Agricultural Business	10500	0.252946	0.28609	0.47076
3	FTF	Agriculture/Agricultural Science & Horticulture	0	0.195405	0.21024	0.25992
3	FTF	Agriculture/Agricultural Science & Horticulture	4500	0.218795	0.23893000000000003	0.3144
3	FTF	Agriculture/Agricultural Science & Horticulture	10500	0.264733	0.29966	0.49291999999999997
15	FTF	American Studies	0	0.155224	0.16702	0.20613
15	FTF	American Studies	4500	0.173792	0.18967	0.2485
15	FTF	American Studies	10500	0.20989000000000002	0.23708	0.38327
4	FTF	Animal Science/Animal Health Science	0	0.141049	0.1523	0.19005999999999998
4	FTF	Animal Science/Animal Health Science	4500	0.15878299999999998	0.17407	0.23185
4	FTF	Animal Science/Animal Health Science	10500	0.193733	0.22049000000000002	0.37019
139	FTF	Anthropology	0	0.12574100000000002	0.13495	0.16502
139	FTF	Anthropology	4500	0.140199	0.15244000000000002	0.19697
139	FTF	Anthropology	10500	0.167878	0.18841	0.29448
108	FTF	Apparel Merchandising and Management	0	0.168352	0.1826	0.23048000000000002
108	FTF	Apparel Merchandising and Management	4500	0.190822	0.21022	0.28318000000000004
108	FTF	Apparel Merchandising and Management	10500	0.235125	0.2689	0.45568000000000003
122	FTF	Applied Mathematics	0	0.190271	0.20399	0.2504
122	FTF	Applied Mathematics	4500	0.211925	0.23069	0.30215
122	FTF	Applied Mathematics	10500	0.254932	0.28806	0.47528000000000004
124	FTF	Applied Physics	0	0.116682	0.12591	0.15603
124	FTF	Applied Physics	4500	0.131172	0.14343	0.18794
124	FTF	Applied Physics	10500	0.158888	0.17941	0.28452
8	FTF	Architecture	0	0.226884	0.24506	0.30677
8	FTF	Architecture	4500	0.255598	0.28055	0.37572
8	FTF	Architecture	10500	0.312811	0.35693	0.61232
78	FTF	Art	0	0.141985	0.15319000000000002	0.19021
78	FTF	Art	4500	0.159611	0.17465	0.23009000000000002
78	FTF	Art	10500	0.19376400000000002	0.21936999999999998	0.35453
81	FTF	Art History	0	0.103055	0.11558	0.15783
81	FTF	Art History	4500	0.122823	0.13994	0.20429
81	FTF	Art History	10500	0.16194	0.19172999999999998	0.35133000000000003
151	FTF	Asian/Asian-American Studies	0	0.140546	0.1512	0.18619000000000002
151	FTF	Asian/Asian-American Studies	4500	0.15729100000000001	0.17152	0.2236
151	FTF	Asian/Asian-American Studies	10500	0.189529	0.21356	0.33949
12	FTF	Asian/East Asian Studies	0	0.06286900000000001	0.07141	0.10042999999999999
12	FTF	Asian/East Asian Studies	4500	0.07635399999999999	0.08806	0.13362000000000002
12	FTF	Asian/East Asian Studies	10500	0.103298	0.12445999999999999	0.25237
52	FTF	Athletic Training	0	0.151633	0.16245	0.19772
52	FTF	Athletic Training	4500	0.168624	0.18299	0.23490999999999998
52	FTF	Athletic Training	10500	0.201066	0.22499	0.34611
129	FTF	Behavioral Science	0	0.16807	0.18181	0.22814
129	FTF	Behavioral Science	4500	0.189746	0.2085	0.27949
129	FTF	Behavioral Science	10500	0.232652	0.26554	0.44983
21	FTF	Biochemistry	0	0.166209	0.17932	0.2226
21	FTF	Biochemistry	4500	0.186839	0.20443	0.26905
21	FTF	Biochemistry	10500	0.22674499999999997	0.25658000000000003	0.41418999999999995
16	FTF	Biology	0	0.17366700000000002	0.18592999999999998	0.22633000000000003
16	FTF	Biology	4500	0.192951	0.20936999999999997	0.26966
16	FTF	Biology	10500	0.230198	0.25803000000000004	0.40471999999999997
59	FTF	Biomedical Engineering	0	0.199926	0.21755	0.27833
59	FTF	Biomedical Engineering	4500	0.227825	0.25233	0.34757
59	FTF	Biomedical Engineering	10500	0.284342	0.32859	0.5896399999999999
22	FTF	Biomedical Physics	0	0.168431	0.18392	0.236
22	FTF	Biomedical Physics	4500	0.192869	0.21397	0.29309
22	FTF	Biomedical Physics	10500	0.24104499999999998	0.27766	0.47815
25	FTF	Biotechnology	0	0.202675	0.21896999999999997	0.27296
25	FTF	Biotechnology	4500	0.22833	0.25025	0.33132
25	FTF	Biotechnology	10500	0.27815	0.31559	0.51994
18	FTF	Botany	0	0.152867	0.16496	0.20539000000000002
18	FTF	Botany	4500	0.17193	0.18832000000000002	0.24966
18	FTF	Botany	10500	0.209304	0.23769	0.39279000000000003
26	FTF	Business Administration	0	0.20438499999999998	0.21994	0.27233
26	FTF	Business Administration	4500	0.228922	0.25013	0.33035
26	FTF	Business Administration	10500	0.277431	0.31458	0.52478
39	FTF	Business Economics	0	0.203951	0.21871	0.26811999999999997
39	FTF	Business Economics	4500	0.227219	0.24724000000000002	0.32241
39	FTF	Business Economics	10500	0.272906	0.30769	0.50249
40	FTF	Business Law	0	0.167163	0.18128	0.22851
40	FTF	Business Law	4500	0.189418	0.20856999999999998	0.28007
40	FTF	Business Law	10500	0.233077	0.26615	0.4455
23	FTF	Cell and Molecular Biology	0	0.182729	0.19569	0.23853000000000002
23	FTF	Cell and Molecular Biology	4500	0.20313	0.22053000000000003	0.28455
23	FTF	Cell and Molecular Biology	10500	0.242628	0.27218000000000003	0.42816000000000004
60	FTF	Chemical Engineering	0	0.277791	0.29789	0.36536
60	FTF	Chemical Engineering	4500	0.309483	0.33681	0.43981000000000003
60	FTF	Chemical Engineering	10500	0.371911	0.41958999999999996	0.69372
125	FTF	Chemistry	0	0.18948099999999998	0.20396	0.2523
125	FTF	Chemistry	4500	0.212296	0.2319	0.30501999999999996
125	FTF	Chemistry	10500	0.25696399999999997	0.29078000000000004	0.4753
49	FTF	Child Development	0	0.140408	0.15112	0.18664
49	FTF	Child Development	4500	0.15726800000000002	0.17168	0.22516
49	FTF	Child Development	10500	0.190054	0.21477	0.34745
89	FTF	Cinema/Film	0	0.14019500000000001	0.15056	0.1845
89	FTF	Cinema/Film	4500	0.15648099999999998	0.17029	0.22055
89	FTF	Cinema/Film	10500	0.187728	0.2109	0.32971
11	FTF	City and Regional Planning	0	0.218218	0.23408	0.28715
11	FTF	City and Regional Planning	4500	0.24321900000000002	0.26473	0.34533
11	FTF	City and Regional Planning	10500	0.292286	0.32958000000000004	0.53705
61	FTF	Civil Engineering	0	0.26718800000000004	0.28731	0.35529
61	FTF	Civil Engineering	4500	0.29895	0.32645	0.43088999999999994
61	FTF	Civil Engineering	10500	0.361914	0.4103	0.6922699999999999
112	FTF	Classics	0	0.103066	0.11130999999999999	0.13790999999999998
112	FTF	Classics	4500	0.11599100000000001	0.12684	0.16562000000000002
112	FTF	Classics	10500	0.14041099999999998	0.15825999999999998	0.24686
41	FTF	Communications	0	0.15778699999999998	0.17065	0.21372
41	FTF	Communications	4500	0.178064	0.19552	0.26095
41	FTF	Communications	10500	0.217888	0.24816	0.41418999999999995
102	FTF	Communicative Disorders	0	0.151884	0.16297	0.19933
102	FTF	Communicative Disorders	4500	0.169312	0.1841	0.23804
102	FTF	Communicative Disorders	10500	0.20279	0.22766999999999998	0.35696
111	FTF	Comparative Literature	0	0.09976	0.1081	0.13515
111	FTF	Comparative Literature	4500	0.112848	0.12387000000000001	0.16355999999999998
111	FTF	Comparative Literature	10500	0.137708	0.15599000000000002	0.24809
64	FTF	Computer Engineering	0	0.270531	0.29070999999999997	0.35816
64	FTF	Computer Engineering	4500	0.30232800000000004	0.32966999999999996	0.43213999999999997
64	FTF	Computer Engineering	10500	0.364685	0.41208999999999996	0.68204
75	FTF	Computer Engineering Technology	0	0.23195300000000002	0.24929	0.30725
75	FTF	Computer Engineering Technology	4500	0.259276	0.28278000000000003	0.3707
75	FTF	Computer Engineering Technology	10500	0.312859	0.35353	0.5806600000000001
46	FTF	Computer Science and Information Technology	0	0.260839	0.28007	0.34454
46	FTF	Computer Science and Information Technology	4500	0.291163	0.31729	0.41546000000000005
46	FTF	Computer Science and Information Technology	10500	0.35079299999999997	0.39623	0.65483
71	FTF	Construction Engineering Technology	0	0.294657	0.31649	0.39021999999999996
71	FTF	Construction Engineering Technology	4500	0.329113	0.35894000000000004	0.47234
71	FTF	Construction Engineering Technology	10500	0.397409	0.44995	0.7600399999999999
115	FTF	Creative Writing	0	0.128707	0.13802	0.16815
115	FTF	Creative Writing	4500	0.143314	0.1556	0.19964
115	FTF	Creative Writing	10500	0.170996	0.19125999999999999	0.29211
136	FTF	Criminal Justice	0	0.181976	0.19555	0.24078000000000002
136	FTF	Criminal Justice	4500	0.203354	0.2217	0.29009
136	FTF	Criminal Justice	10500	0.24514299999999997	0.27676999999999996	0.4495
86	FTF	Dance	0	0.093363	0.10095	0.12515
86	FTF	Dance	4500	0.105246	0.11514	0.14984
86	FTF	Dance	10500	0.127403	0.14332999999999999	0.21844
87	FTF	Dance - Performance	0	0.09600299999999999	0.10365	0.12795
87	FTF	Dance - Performance	4500	0.107966	0.1179	0.15261
87	FTF	Dance - Performance	10500	0.13020299999999999	0.14612	0.22019
135	FTF	Deaf Studies	0	0.13521	0.14587	0.18118
135	FTF	Deaf Studies	4500	0.15198499999999998	0.16632	0.21941999999999998
135	FTF	Deaf Studies	10500	0.18457300000000001	0.20911	0.34081999999999996
79	FTF	Design	0	0.158665	0.17065	0.21031999999999998
79	FTF	Design	4500	0.177533	0.19364	0.25304
79	FTF	Design	10500	0.214123	0.24155	0.38624
109	FTF	Dietetics/Nutritional Science	0	0.174843	0.18805	0.23185999999999998
109	FTF	Dietetics/Nutritional Science	4500	0.195633	0.21341999999999997	0.27919
109	FTF	Dietetics/Nutritional Science	10500	0.236066	0.26645	0.4282
127	FTF	Earth Science	0	0.185455	0.19954000000000002	0.24636
127	FTF	Earth Science	4500	0.20763299999999998	0.22664	0.29708
127	FTF	Earth Science	10500	0.250869	0.28342	0.45745
140	FTF	Economics	0	0.200183	0.21504	0.26481
140	FTF	Economics	4500	0.223609	0.24377	0.31948000000000004
140	FTF	Economics	10500	0.26963000000000004	0.30466	0.50011
48	FTF	Education	0	0.148033	0.15841	0.19209
48	FTF	Education	4500	0.16431700000000002	0.17804	0.22739
48	FTF	Education	10500	0.195272	0.21799000000000002	0.33161
62	FTF	Electrical Engineering	0	0.270489	0.2911	0.36041999999999996
62	FTF	Electrical Engineering	4500	0.303001	0.33108000000000004	0.437
62	FTF	Electrical Engineering	10500	0.367158	0.4162	0.69838
72	FTF	Electronic Engineering Technology	0	0.249043	0.26784	0.33121
72	FTF	Electronic Engineering Technology	4500	0.27870900000000004	0.30435999999999996	0.4014
72	FTF	Electronic Engineering Technology	10500	0.337375	0.38232	0.6403
70	FTF	Engineering Technology	0	0.2742	0.29523	0.36625
70	FTF	Engineering Technology	4500	0.30739299999999997	0.33613000000000004	0.44518
70	FTF	Engineering Technology	10500	0.37317	0.42368999999999996	0.71849
110	FTF	English	0	0.152015	0.16278	0.19809000000000002
110	FTF	English	4500	0.168939	0.1833	0.23569
110	FTF	English	10500	0.201451	0.22560999999999998	0.35083000000000003
163	FTF	English Literature	0	0.136578	0.14703	0.18135
163	FTF	English Literature	4500	0.15300999999999998	0.16697	0.21793
163	FTF	English Literature	10500	0.184622	0.20813	0.32939
160	FTF	Entrepreneurship & Small Business Management	0	0.176422	0.18861	0.22929000000000002
160	FTF	Entrepreneurship & Small Business Management	4500	0.195624	0.21211	0.27393
160	FTF	Entrepreneurship & Small Business Management	10500	0.233227	0.26183	0.42107
101	FTF	Environmental and Occupational Health	0	0.216533	0.23271	0.28659
101	FTF	Environmental and Occupational Health	4500	0.242015	0.26387	0.34521999999999997
101	FTF	Environmental and Occupational Health	10500	0.291783	0.32939	0.5360199999999999
17	FTF	Environmental Biology & Ecology	0	0.15847	0.17040999999999998	0.21019000000000002
17	FTF	Environmental Biology & Ecology	4500	0.177282	0.19341	0.25351
17	FTF	Environmental Biology & Ecology	10500	0.214024	0.24181	0.39177
153	FTF	Environmental Studies	0	0.16624	0.17879	0.22050999999999998
153	FTF	Environmental Studies	4500	0.186001	0.20293	0.26584
153	FTF	Environmental Studies	10500	0.224531	0.25361	0.41065
149	FTF	Ethnic Studies	0	0.11158900000000001	0.12253	0.15872
149	FTF	Ethnic Studies	4500	0.128807	0.14351	0.19754000000000002
149	FTF	Ethnic Studies	10500	0.162183	0.18713	0.31551
14	FTF	European Studies	0	0.082713	0.09114	0.11915
14	FTF	European Studies	4500	0.095975	0.10733	0.14994000000000002
14	FTF	European Studies	10500	0.121857	0.14157	0.25192
107	FTF	Family and Consumer Sciences	0	0.13984100000000002	0.15259	0.19532
107	FTF	Family and Consumer Sciences	4500	0.159945	0.17726	0.24211999999999997
107	FTF	Family and Consumer Sciences	10500	0.19946	0.22946999999999998	0.39237
29	FTF	Finance	0	0.206719	0.2229	0.27751
29	FTF	Finance	4500	0.23226	0.25436	0.33805
29	FTF	Finance	10500	0.282833	0.3216	0.5414899999999999
6	FTF	Food Science and Technology	0	0.214705	0.23054000000000002	0.28398
6	FTF	Food Science and Technology	4500	0.239691	0.26132	0.34343
6	FTF	Food Science and Technology	10500	0.289198	0.32725	0.5453600000000001
91	FTF	French	0	0.08663799999999999	0.09229	0.10966
91	FTF	French	4500	0.095441	0.10259000000000001	0.12644
91	FTF	French	10500	0.11123	0.12211	0.16872
142	FTF	Geography	0	0.16569	0.17785	0.21806999999999999
142	FTF	Geography	4500	0.18483	0.20115999999999998	0.26142
142	FTF	Geography	10500	0.22192699999999999	0.24975999999999998	0.39797
126	FTF	Geology	0	0.198326	0.21386	0.26619
126	FTF	Geology	4500	0.222838	0.24402	0.32399
126	FTF	Geology	10500	0.27127399999999996	0.30831	0.51594
92	FTF	German	0	0.11256600000000001	0.12092	0.14762
92	FTF	German	4500	0.12565	0.13656	0.17493
92	FTF	German	10500	0.150108	0.16772	0.25119
88	FTF	Graphic Design	0	0.165355	0.17862999999999998	0.22321999999999997
88	FTF	Graphic Design	4500	0.18628599999999998	0.20435	0.27238
88	FTF	Graphic Design	10500	0.227554	0.25905	0.43326000000000003
97	FTF	Health Care Management/Administration	0	0.156559	0.17029	0.21691999999999997
97	FTF	Health Care Management/Administration	4500	0.178252	0.1971	0.26894
97	FTF	Health Care Management/Administration	10500	0.221478	0.25478	0.44173999999999997
100	FTF	Health Education	0	0.123017	0.13298	0.1659
100	FTF	Health Education	4500	0.138693	0.15206	0.20142000000000002
100	FTF	Health Education	10500	0.16905799999999999	0.19186	0.31288
96	FTF	Health Science	0	0.156769	0.16865	0.20814000000000002
96	FTF	Health Science	4500	0.175484	0.19150999999999999	0.25104
96	FTF	Health Science	10500	0.21194699999999997	0.23945999999999998	0.38806
141	FTF	History	0	0.151354	0.16222999999999999	0.19794
141	FTF	History	4500	0.168453	0.18297	0.23601
141	FTF	History	10500	0.20134100000000002	0.22580999999999998	0.35254
33	FTF	Hotel and Restaurant/Hospitality Management	0	0.164432	0.17793	0.22341999999999998
33	FTF	Hotel and Restaurant/Hospitality Management	4500	0.185723	0.20414000000000002	0.2738
33	FTF	Hotel and Restaurant/Hospitality Management	10500	0.22785	0.26011999999999996	0.4401
130	FTF	Human Development	0	0.127803	0.13854	0.17424
130	FTF	Human Development	4500	0.144714	0.1592	0.21299
130	FTF	Human Development	10500	0.177675	0.20254	0.33493
38	FTF	Human Resources/Personnel Management	0	0.176058	0.1911	0.24213
38	FTF	Human Resources/Personnel Management	4500	0.199818	0.22045	0.29896
38	FTF	Human Resources/Personnel Management	10500	0.24711100000000003	0.2835	0.48888000000000004
134	FTF	Human Services	0	0.143843	0.15619	0.19787000000000002
134	FTF	Human Services	4500	0.163331	0.1802	0.24413
134	FTF	Human Services	10500	0.201934	0.23156	0.39682
119	FTF	Humanities	0	0.062444000000000006	0.07017000000000001	0.0955
119	FTF	Humanities	4500	0.074585	0.08488	0.12269000000000001
119	FTF	Humanities	10500	0.09792100000000001	0.11537	0.20770999999999998
80	FTF	Industrial Design	0	0.209814	0.22635999999999998	0.28217
80	FTF	Industrial Design	4500	0.23592600000000002	0.25851999999999997	0.34394
80	FTF	Industrial Design	10500	0.2876	0.32716	0.55067
66	FTF	Industrial Engineering	0	0.271914	0.29231	0.36144
66	FTF	Industrial Engineering	4500	0.304117	0.33208000000000004	0.43864
66	FTF	Industrial Engineering	10500	0.368202	0.4176	0.7066600000000001
47	FTF	Information Systems	0	0.22642800000000002	0.2439	0.30274
47	FTF	Information Systems	4500	0.25399299999999997	0.27781	0.3678
47	FTF	Information Systems	10500	0.308458	0.35013	0.58699
9	FTF	Interior Design	0	0.210896	0.22741	0.28328000000000003
9	FTF	Interior Design	4500	0.23696399999999998	0.25956	0.34549
9	FTF	Interior Design	10500	0.288731	0.32855	0.55697
37	FTF	International Business	0	0.18388	0.1987	0.24859
37	FTF	International Business	4500	0.20726399999999998	0.22746	0.3037
37	FTF	International Business	10500	0.253443	0.28875	0.48661000000000004
152	FTF	International Studies	0	0.166438	0.17770999999999998	0.21436
152	FTF	International Studies	4500	0.184133	0.19906	0.25285
152	FTF	International Studies	10500	0.217825	0.24259	0.36728
95	FTF	Japanese	0	0.137451	0.14682	0.17720999999999998
95	FTF	Japanese	4500	0.15215599999999999	0.16454000000000002	0.2091
95	FTF	Japanese	10500	0.180079	0.2006	0.30441999999999997
118	FTF	Jewish Studies	0	0.145351	0.15635	0.19259
118	FTF	Jewish Studies	4500	0.162654	0.17737999999999998	0.23143000000000002
118	FTF	Jewish Studies	10500	0.19605699999999998	0.221	0.35154
42	FTF	Journalism	0	0.159381	0.17193	0.21378000000000003
42	FTF	Journalism	4500	0.179146	0.19612000000000002	0.25945
42	FTF	Journalism	10500	0.217822	0.24711	0.40594
50	FTF	Kinesiology	0	0.14813199999999999	0.15849000000000002	0.19235
50	FTF	Kinesiology	4500	0.1644	0.17818	0.22829000000000002
50	FTF	Kinesiology	10500	0.19556800000000002	0.21866999999999998	0.33771
156	FTF	Land Resource Management	0	0.179019	0.19307	0.24013
156	FTF	Land Resource Management	4500	0.201167	0.22024000000000002	0.29170999999999997
156	FTF	Land Resource Management	10500	0.24468499999999999	0.27775	0.45923
10	FTF	Landscape Architecture	0	0.190102	0.20581	0.2588
10	FTF	Landscape Architecture	4500	0.21489299999999997	0.23634000000000002	0.31740999999999997
10	FTF	Landscape Architecture	10500	0.263955	0.3015	0.51242
13	FTF	Latin/Central American Studies	0	0.182436	0.19354000000000002	0.22951
13	FTF	Latin/Central American Studies	4500	0.199856	0.21452	0.26724000000000003
13	FTF	Latin/Central American Studies	10500	0.232907	0.25718	0.3813
154	FTF	Liberal Studies	0	0.152574	0.16405999999999998	0.20209000000000002
154	FTF	Liberal Studies	4500	0.170646	0.18609	0.2432
154	FTF	Liberal Studies	10500	0.205746	0.23213000000000003	0.37255
113	FTF	Linguistics	0	0.14579	0.15529	0.18588
113	FTF	Linguistics	4500	0.160689	0.17317000000000002	0.21759
113	FTF	Linguistics	10500	0.188754	0.20918	0.30984
30	FTF	Management	0	0.191227	0.20651999999999998	0.2581
30	FTF	Management	4500	0.215364	0.23624	0.31521
30	FTF	Management	10500	0.263119	0.29969	0.50583
32	FTF	Management Systems Analysis / Operations Research	0	0.182042	0.19699	0.24747
32	FTF	Management Systems Analysis / Operations Research	4500	0.205639	0.22607	0.30351
32	FTF	Management Systems Analysis / Operations Research	10500	0.252395	0.28828000000000004	0.49116000000000004
68	FTF	Manufacturing Engineering	0	0.269144	0.28967	0.35849000000000003
68	FTF	Manufacturing Engineering	4500	0.301506	0.32939	0.43436
68	FTF	Manufacturing Engineering	10500	0.365171	0.41375	0.69381
73	FTF	Manufacturing Engineering Technology	0	0.174843	0.19097	0.24728000000000003
73	FTF	Manufacturing Engineering Technology	4500	0.200414	0.22305999999999998	0.3127
73	FTF	Manufacturing Engineering Technology	10500	0.252909	0.29465	0.54774
24	FTF	Marine Biology	0	0.151173	0.16151	0.19501
24	FTF	Marine Biology	4500	0.16739300000000001	0.18105	0.23006999999999997
24	FTF	Marine Biology	10500	0.198176	0.22074000000000002	0.33369
35	FTF	Marketing	0	0.193858	0.20884	0.25926
35	FTF	Marketing	4500	0.21749200000000002	0.23790999999999998	0.31499
35	FTF	Marketing	10500	0.264166	0.29986	0.50041
120	FTF	Mathematics	0	0.184157	0.1976	0.24225
120	FTF	Mathematics	4500	0.20531999999999997	0.22344	0.29063
120	FTF	Mathematics	10500	0.246544	0.27759	0.44403000000000004
65	FTF	Mechanical Engineering	0	0.277873	0.29857	0.36835999999999997
65	FTF	Mechanical Engineering	4500	0.310535	0.33878	0.44577
65	FTF	Mechanical Engineering	10500	0.375152	0.42471000000000003	0.71265
74	FTF	Mechanical Engineering Technology	0	0.220667	0.23861999999999997	0.29967
74	FTF	Mechanical Engineering Technology	4500	0.249034	0.27371	0.36805
74	FTF	Mechanical Engineering Technology	10500	0.305653	0.3494	0.60352
105	FTF	Medical Technology	0	0.21628899999999998	0.23199	0.28417
105	FTF	Medical Technology	4500	0.241013	0.26219000000000003	0.34076
105	FTF	Medical Technology	10500	0.289192	0.3255	0.52304
146	FTF	Mexican-American Studies	0	0.150033	0.16166	0.20065999999999998
146	FTF	Mexican-American Studies	4500	0.168363	0.18416	0.24370999999999998
146	FTF	Mexican-American Studies	10500	0.204452	0.23203000000000001	0.38516
20	FTF	Microbiology	0	0.202561	0.21735	0.26646
20	FTF	Microbiology	4500	0.22585100000000002	0.24578000000000003	0.31965
20	FTF	Microbiology	10500	0.271183	0.30530999999999997	0.49011000000000005
44	FTF	Multimedia	0	0.147605	0.15852	0.19449
44	FTF	Multimedia	4500	0.164775	0.17939000000000002	0.23308
44	FTF	Multimedia	10500	0.197934	0.22271999999999997	0.35283000000000003
83	FTF	Music	0	0.14121	0.15168	0.18602
83	FTF	Music	4500	0.157665	0.17163	0.2226
83	FTF	Music	10500	0.189288	0.2128	0.33455
82	FTF	Music - Performance	0	0.046688	0.053529999999999994	0.0752
82	FTF	Music - Performance	4500	0.057388999999999996	0.06626	0.09709
82	FTF	Music - Performance	10500	0.07720199999999999	0.09134	0.15646
162	FTF	Music Education	0	0.196053	0.21051999999999998	0.2585
162	FTF	Music Education	4500	0.21882800000000002	0.23831	0.31028
162	FTF	Music Education	10500	0.26311100000000004	0.29635	0.47284
77	FTF	Performing Arts	0	0.13847	0.14897	0.18354
77	FTF	Performing Arts	4500	0.15498399999999998	0.16902999999999999	0.22058000000000003
77	FTF	Performing Arts	10500	0.18684	0.21063	0.33553
116	FTF	Philosophy	0	0.148944	0.16	0.19660999999999998
116	FTF	Philosophy	4500	0.16634000000000002	0.1812	0.23623000000000002
116	FTF	Philosophy	10500	0.200126	0.22555	0.36148
123	FTF	Physics	0	0.17793299999999998	0.19080999999999998	0.2334
123	FTF	Physics	4500	0.198198	0.2155	0.27925
123	FTF	Physics	10500	0.23748899999999998	0.26692	0.42223999999999995
143	FTF	Political Science	0	0.155603	0.16758	0.20729
143	FTF	Political Science	4500	0.174458	0.19058	0.25023
143	FTF	Political Science	10500	0.21110399999999999	0.23865999999999998	0.386
error	FTF	Pre-Nursing & Nursing RN-BS	0	0.30941	0.33251	0.41026999999999997
error	FTF	Pre-Nursing & Nursing RN-BS	4500	0.345851	0.37733	0.49641
error	FTF	Pre-Nursing & Nursing RN-BS	10500	0.417835	0.47298	0.79572
31	FTF	Production and Operations Management	0	0.19935999999999998	0.2169	0.27702
31	FTF	Production and Operations Management	4500	0.227102	0.25138	0.34484000000000004
31	FTF	Production and Operations Management	10500	0.282937	0.32632	0.57729
128	FTF	Psychology	0	0.143335	0.15446	0.19133
128	FTF	Psychology	4500	0.160851	0.17582	0.23123000000000002
128	FTF	Psychology	10500	0.194878	0.22048	0.3573
131	FTF	Public Administration	0	0.16872	0.18252000000000002	0.22916
131	FTF	Public Administration	4500	0.190501	0.20936999999999997	0.28094
131	FTF	Public Administration	10500	0.23370500000000002	0.26687	0.45256
99	FTF	Public Health	0	0.128857	0.14017000000000002	0.17847000000000002
99	FTF	Public Health	4500	0.14671800000000002	0.1622	0.22130999999999998
99	FTF	Public Health	10500	0.18221400000000001	0.20961999999999997	0.36516
159	FTF	Public Relations	0	0.17951	0.19361	0.24106
159	FTF	Public Relations	4500	0.20175099999999999	0.22096	0.29347
159	FTF	Public Relations	10500	0.245669	0.27925	0.46688999999999997
43	FTF	Radio/Television/Broadcast	0	0.149401	0.16072999999999998	0.19826
43	FTF	Radio/Television/Broadcast	4500	0.167233	0.18247	0.23885
43	FTF	Radio/Television/Broadcast	10500	0.20186400000000002	0.22791	0.36715
106	FTF	Radiologic Science & Technology	0	0.292501	0.31593000000000004	0.3945
106	FTF	Radiologic Science & Technology	4500	0.329448	0.36128000000000005	0.481
106	FTF	Radiologic Science & Technology	10500	0.402118	0.45752	0.77842
36	FTF	Real Estate	0	0.187388	0.20215999999999998	0.25196
36	FTF	Real Estate	4500	0.210691	0.23085	0.3071
36	FTF	Real Estate	10500	0.256808	0.29213	0.49022
132	FTF	Recreation Management & Administration	0	0.157437	0.16914	0.20797
132	FTF	Recreation Management & Administration	4500	0.175862	0.19162	0.25008
132	FTF	Recreation Management & Administration	10500	0.211702	0.23872	0.3845
117	FTF	Religious Studies	0	0.120279	0.13264	0.17287
117	FTF	Religious Studies	4500	0.139689	0.15608	0.21514
117	FTF	Religious Studies	10500	0.176672	0.20387	0.34171
138	FTF	Social Science	0	0.164253	0.17609	0.21495999999999998
138	FTF	Social Science	4500	0.182862	0.19867	0.25645999999999997
138	FTF	Social Science	10500	0.21867199999999998	0.24533000000000002	0.38515
133	FTF	Social Work	0	0.153659	0.1662	0.20813
133	FTF	Social Work	4500	0.17341700000000002	0.19041	0.25406
133	FTF	Social Work	10500	0.21218499999999998	0.24163	0.40279
144	FTF	Sociology	0	0.15825	0.17065999999999998	0.21211
144	FTF	Sociology	4500	0.177808	0.19460999999999998	0.25743
144	FTF	Sociology	10500	0.216114	0.24516999999999997	0.40385
93	FTF	Spanish	0	0.151615	0.16321	0.20157
93	FTF	Spanish	4500	0.16986099999999998	0.18544000000000002	0.24297
93	FTF	Spanish	10500	0.205249	0.23181999999999997	0.37354
114	FTF	Speech Communication	0	0.159693	0.17303	0.21781999999999999
114	FTF	Speech Communication	4500	0.180729	0.19887	0.26705
114	FTF	Speech Communication	10500	0.222162	0.25372	0.42707
103	FTF	Speech Language Pathology	0	0.083353	0.09158	0.11871
103	FTF	Speech Language Pathology	4500	0.096294	0.10730999999999999	0.14807
103	FTF	Speech Language Pathology	10500	0.12131199999999999	0.14014000000000001	0.24183000000000002
121	FTF	Statistics	0	0.22732600000000003	0.24356	0.29802
121	FTF	Statistics	4500	0.252917	0.27498	0.35807
121	FTF	Statistics	10500	0.303304	0.34176999999999996	0.5593600000000001
84	FTF	Theatre Arts	0	0.098301	0.10685	0.13464
84	FTF	Theatre Arts	4500	0.11171600000000001	0.12303	0.16392
84	FTF	Theatre Arts	10500	0.137268	0.1561	0.25140999999999997
85	FTF	Theatre Arts - Performance	0			
85	FTF	Theatre Arts - Performance	4500			
85	FTF	Theatre Arts - Performance	10500			
34	FTF	Travel and Tourism/Tourism Management	0	0.165349	0.17851	0.22289
34	FTF	Travel and Tourism/Tourism Management	4500	0.18612	0.20407999999999998	0.27209
34	FTF	Travel and Tourism/Tourism Management	10500	0.227215	0.25872	0.43521000000000004
147	FTF	Urban Studies	0	0.164456	0.17667	0.21765
147	FTF	Urban Studies	4500	0.18370699999999998	0.2003	0.26288
147	FTF	Urban Studies	10500	0.221629	0.2506	0.41142
148	FTF	Women's Studies	0	0.113122	0.12434	0.16129000000000002
148	FTF	Women's Studies	4500	0.13077	0.14579	0.20073
148	FTF	Women's Studies	10500	0.16482	0.19017	0.32074
90	FTF	World Languages and Cultures/Translation	0	0.103897	0.11233	0.13957999999999998
90	FTF	World Languages and Cultures/Translation	4500	0.117125	0.12824000000000002	0.16798
90	FTF	World Languages and Cultures/Translation	10500	0.142146	0.16044	0.25076
19	FTF	Zoology	0	0.13247899999999999	0.14237	0.17492
19	FTF	Zoology	4500	0.148037	0.16126	0.20981
19	FTF	Zoology	10500	0.178029	0.20044	0.31819000000000003
28	FTT	Accounting	0	0.06407	0.34651	0.43106000000000005
28	FTT	Accounting	4500	0.36132	0.39404	0.5179
28	FTT	Accounting	10500	0.43901999999999997	0.49515	0.72458
161	FTT	Advertising	0	0.04974	0.26109	0.32537
161	FTT	Advertising	4500	0.27226	0.29706	0.39258000000000004
161	FTT	Advertising	10500	0.33148	0.37485999999999997	0.5553899999999999
58	FTT	Aerospace Engineering	0	0.07481	0.41572	0.5070600000000001
58	FTT	Aerospace Engineering	4500	0.43177	0.46718000000000004	0.60017
58	FTT	Aerospace Engineering	10500	0.51562	0.57584	0.82024
145	FTT	African-American Studies	0	0.03059	0.15632000000000001	0.18405
145	FTT	African-American Studies	4500	0.1613	0.17207999999999998	0.21131999999999998
145	FTT	African-American Studies	10500	0.18659	0.20426	0.27355999999999997
7	FTT	Agricultural Biology and Plant & Irrigation Science	0	0.0557	0.29661	0.36622
7	FTT	Agricultural Biology and Plant & Irrigation Science	4500	0.30881	0.33574	0.4378
7	FTT	Agricultural Biology and Plant & Irrigation Science	10500	0.37277	0.41902	0.6088399999999999
5	FTT	Agricultural Business	0	0.04874	0.25476	0.32011999999999996
5	FTT	Agricultural Business	4500	0.26611999999999997	0.29133000000000003	0.38837
5	FTT	Agricultural Business	10500	0.32633	0.37039	0.5527
3	FTT	Agriculture/Agricultural Science & Horticulture	0	0.052110000000000004	0.27449	0.34360999999999997
3	FTT	Agriculture/Agricultural Science & Horticulture	4500	0.28659	0.31331	0.41472
3	FTT	Agriculture/Agricultural Science & Horticulture	10500	0.35012	0.39608000000000004	0.58328
15	FTT	American Studies	0	0.040639999999999996	0.20969000000000002	0.25925
15	FTT	American Studies	4500	0.21832	0.23744	0.31098000000000003
15	FTT	American Studies	10500	0.26395	0.29734	0.43601999999999996
4	FTT	Animal Science/Animal Health Science	0	0.03475	0.17529	0.22582
4	FTT	Animal Science/Animal Health Science	4500	0.18405	0.20351	0.279
4	FTT	Animal Science/Animal Health Science	10500	0.23064	0.26495	0.4083
139	FTT	Anthropology	0	0.029410000000000002	0.14844000000000002	0.18200999999999998
139	FTT	Anthropology	4500	0.15438	0.16739	0.21598
139	FTT	Anthropology	10500	0.18514	0.2071	0.29555
108	FTT	Apparel Merchandising and Management	0	0.042460000000000005	0.21883000000000002	0.27621
108	FTT	Apparel Merchandising and Management	4500	0.22875	0.25085	0.33679000000000003
108	FTT	Apparel Merchandising and Management	10500	0.28169	0.32077	0.48473999999999995
122	FTT	Applied Mathematics	0	0.04871	0.25644	0.31245
122	FTT	Applied Mathematics	4500	0.26626	0.28791	0.37001
122	FTT	Applied Mathematics	10500	0.31772	0.35491999999999996	0.50635
124	FTT	Applied Physics	0	0.02835	0.14217	0.17739000000000002
124	FTT	Applied Physics	4500	0.14835	0.16196	0.21372
124	FTT	Applied Physics	10500	0.1807	0.20415	0.30155
8	FTT	Architecture	0	0.06551	0.35436	0.44613
8	FTT	Architecture	4500	0.37041	0.40592	0.54057
8	FTT	Architecture	10500	0.45478	0.51582	0.76572
78	FTT	Art	0	0.03323	0.16841	0.20995
78	FTT	Art	4500	0.17569	0.19175	0.2527
78	FTT	Art	10500	0.21386	0.24148000000000003	0.35407
81	FTT	Art History	0	0.03125	0.15797	0.19567
81	FTT	Art History	4500	0.16459000000000001	0.17915999999999999	0.23446
81	FTT	Art History	10500	0.19921	0.22426999999999997	0.32741
151	FTT	Asian/Asian-American Studies	0	0.02731	0.15252000000000002	0.18483
151	FTT	Asian/Asian-American Studies	4500	0.15830999999999998	0.17087	0.21658000000000002
151	FTT	Asian/Asian-American Studies	10500	0.1878	0.20836999999999997	0.28720999999999997
12	FTT	Asian/East Asian Studies	0	0.04227	0.22174000000000002	0.25878
12	FTT	Asian/East Asian Studies	4500	0.2284	0.24281999999999998	0.2949
12	FTT	Asian/East Asian Studies	10500	0.26216	0.28558	0.37526
52	FTT	Athletic Training	0	0.032389999999999995	0.18761	0.22996999999999998
52	FTT	Athletic Training	4500	0.19510999999999998	0.21151999999999999	0.27262
52	FTT	Athletic Training	10500	0.23390999999999998	0.26150999999999996	0.37084
129	FTT	Behavioral Science	0	0.04944	0.25872	0.32539
129	FTT	Behavioral Science	4500	0.2703	0.29601	0.39503
129	FTT	Behavioral Science	10500	0.33171999999999996	0.37669	0.56294
21	FTT	Biochemistry	0	0.04869	0.25677	0.31061
21	FTT	Biochemistry	4500	0.26624000000000003	0.28708	0.36559
21	FTT	Biochemistry	10500	0.31566	0.3512	0.49527
16	FTT	Biology	0	0.0451	0.23567	0.28694000000000003
16	FTT	Biology	4500	0.24470999999999998	0.26456	0.33901
16	FTT	Biology	10500	0.29173000000000004	0.32541	0.46088999999999997
59	FTT	Biomedical Engineering	0	0.07802	0.43678999999999996	0.53068
59	FTT	Biomedical Engineering	4500	0.45335	0.48978	0.6259
59	FTT	Biomedical Engineering	10500	0.5394399999999999	0.6010300000000001	0.85136
22	FTT	Biomedical Physics	0	0.06508	0.35462	0.43073
22	FTT	Biomedical Physics	4500	0.36809000000000003	0.39763000000000004	0.5071899999999999
22	FTT	Biomedical Physics	10500	0.43778999999999996	0.48728999999999995	0.6844399999999999
25	FTT	Biotechnology	0	0.05649	0.30191	0.3697
25	FTT	Biotechnology	4500	0.31377	0.33997	0.4396
25	FTT	Biotechnology	10500	0.37609000000000004	0.42125	0.60638
18	FTT	Botany	0	0.05326	0.28192	0.34909
18	FTT	Botany	4500	0.29372	0.31973	0.4175
18	FTT	Botany	10500	0.35538000000000003	0.39964	0.57699
26	FTT	Business Administration	0	0.05571	0.296	0.36903
26	FTT	Business Administration	4500	0.30874	0.33696	0.44463
26	FTT	Business Administration	10500	0.37593000000000004	0.42477	0.6258100000000001
39	FTT	Business Economics	0	0.05319	0.28198	0.34735
39	FTT	Business Economics	4500	0.29339	0.31864000000000003	0.41516000000000003
39	FTT	Business Economics	10500	0.35353	0.39733	0.57828
40	FTT	Business Law	0	0.04925	0.25751	0.3243
40	FTT	Business Law	4500	0.26914	0.29491999999999996	0.39379000000000003
40	FTT	Business Law	10500	0.33063000000000003	0.3755	0.5609
23	FTT	Cell and Molecular Biology	0	0.050210000000000005	0.26499	0.32369000000000003
23	FTT	Cell and Molecular Biology	4500	0.2753	0.29801	0.38383
23	FTT	Cell and Molecular Biology	10500	0.3292	0.36807	0.52668
60	FTT	Chemical Engineering	0	0.07377	0.40892	0.49911000000000005
60	FTT	Chemical Engineering	4500	0.42482	0.4598	0.5906
60	FTT	Chemical Engineering	10500	0.50754	0.56672	0.80582
125	FTT	Chemistry	0	0.05194	0.27465	0.33783
125	FTT	Chemistry	4500	0.28574	0.31018	0.40252
125	FTT	Chemistry	10500	0.34376	0.38556999999999997	0.55566
49	FTT	Child Development	0	0.028839999999999998	0.14407	0.18352000000000002
49	FTT	Child Development	4500	0.15094000000000002	0.16614	0.22489
49	FTT	Child Development	10500	0.18725999999999998	0.21395	0.32609
89	FTT	Cinema/Film	0	0.030610000000000002	0.15509	0.18902
89	FTT	Cinema/Film	4500	0.16113	0.17431	0.22271999999999997
89	FTT	Cinema/Film	10500	0.19215	0.21398000000000003	0.29903
11	FTT	City and Regional Planning	0	0.06242999999999999	0.33744	0.41466000000000003
11	FTT	City and Regional Planning	4500	0.35103	0.38094	0.49325
11	FTT	City and Regional Planning	10500	0.42188000000000003	0.47271	0.67806
61	FTT	Civil Engineering	0	0.07664	0.42644	0.52554
61	FTT	Civil Engineering	4500	0.44383	0.48223	0.62685
61	FTT	Civil Engineering	10500	0.53483	0.60034	0.86759
112	FTT	Classics	0	0.04123	0.21469000000000002	0.25595
112	FTT	Classics	4500	0.2221	0.23817	0.29609
112	FTT	Classics	10500	0.25972	0.28576	0.38401
41	FTT	Communications	0	0.04066	0.20876	0.26316
41	FTT	Communications	4500	0.21823	0.23920999999999998	0.31995
41	FTT	Communications	10500	0.26832	0.30498000000000003	0.45698
102	FTT	Communicative Disorders	0	0.03499	0.17867	0.21939
102	FTT	Communicative Disorders	4500	0.18584	0.20159000000000002	0.26099
102	FTT	Communicative Disorders	10500	0.22321	0.25009000000000003	0.35905
111	FTT	Comparative Literature	0	0.03897	0.20162	0.24269000000000002
111	FTT	Comparative Literature	4500	0.20888	0.22478	0.28431999999999996
111	FTT	Comparative Literature	10500	0.24652	0.27344	0.38164000000000003
64	FTT	Computer Engineering	0	0.07454	0.41346000000000005	0.50669
64	FTT	Computer Engineering	4500	0.42987	0.46602	0.60149
64	FTT	Computer Engineering	10500	0.51541	0.57673	0.82547
75	FTT	Computer Engineering Technology	0	0.06657	0.36175	0.45126000000000005
75	FTT	Computer Engineering Technology	4500	0.37738	0.41198999999999997	0.54376
75	FTT	Computer Engineering Technology	10500	0.45971000000000006	0.51947	0.76581
46	FTT	Computer Science and Information Technology	0	0.07409	0.41033000000000003	0.5041800000000001
46	FTT	Computer Science and Information Technology	4500	0.42683999999999994	0.46323000000000003	0.59965
46	FTT	Computer Science and Information Technology	10500	0.5129600000000001	0.57471	0.82515
71	FTT	Construction Engineering Technology	0	0.08435	0.47683000000000003	0.58812
71	FTT	Construction Engineering Technology	4500	0.49636	0.53951	0.70181
71	FTT	Construction Engineering Technology	10500	0.59856	0.67208	0.9722
115	FTT	Creative Writing	0	0.0235	0.1165	0.14581
115	FTT	Creative Writing	4500	0.12172000000000001	0.13309	0.17515
115	FTT	Creative Writing	10500	0.14853	0.16751	0.24286999999999997
136	FTT	Criminal Justice	0	0.05033	0.26566	0.32481
136	FTT	Criminal Justice	4500	0.27602	0.2989	0.38568
136	FTT	Criminal Justice	10500	0.33038	0.36971	0.53089
164	FTT	Cultural Resources Management	0	0.04726	0.24641	0.3089
164	FTT	Cultural Resources Management	4500	0.25728	0.28139000000000003	0.37413
164	FTT	Cultural Resources Management	10500	0.31484	0.35695	0.53168
86	FTT	Dance	0			
86	FTT	Dance	4500			
86	FTT	Dance	10500			
87	FTT	Dance - Performance	0			
87	FTT	Dance - Performance	4500			
87	FTT	Dance - Performance	10500			
135	FTT	Deaf Studies	0	0.02659	0.13095	0.17249
135	FTT	Deaf Studies	4500	0.13821	0.15424000000000002	0.21548
135	FTT	Deaf Studies	10500	0.17640999999999998	0.20418	0.31779
79	FTT	Design	0	0.03959	0.20357	0.25272
79	FTT	Design	4500	0.21216999999999997	0.23115	0.3035
79	FTT	Design	10500	0.25736	0.29016	0.42468
109	FTT	Dietetics/Nutritional Science	0	0.04342	0.22619	0.27476999999999996
109	FTT	Dietetics/Nutritional Science	4500	0.2348	0.25363	0.32350999999999996
109	FTT	Dietetics/Nutritional Science	10500	0.27928000000000003	0.31083	0.43501000000000006
127	FTT	Earth Science	0	0.05414	0.28843	0.35025
127	FTT	Earth Science	4500	0.29936	0.32333	0.41253999999999996
127	FTT	Earth Science	10500	0.356	0.39631	0.55705
140	FTT	Economics	0	0.051820000000000005	0.27364	0.33834000000000003
140	FTT	Economics	4500	0.28493	0.30993000000000004	0.4053
140	FTT	Economics	10500	0.34445	0.38771	0.56558
48	FTT	Education	0	0.017230000000000002	0.08413	0.1057
48	FTT	Education	4500	0.08804	0.09644	0.1265
48	FTT	Education	10500	0.10765999999999999	0.12115	0.17235999999999999
62	FTT	Electrical Engineering	0	0.07701000000000001	0.42901999999999996	0.52749
62	FTT	Electrical Engineering	4500	0.44636000000000003	0.48456000000000005	0.62746
62	FTT	Electrical Engineering	10500	0.53669	0.60136	0.863
72	FTT	Electronic Engineering Technology	0	0.07357000000000001	0.40653	0.50221
72	FTT	Electronic Engineering Technology	4500	0.4233	0.46036000000000005	0.60019
72	FTT	Electronic Engineering Technology	10500	0.5112	0.57455	0.83301
57	FTT	Engineering	0	0.07682	0.42738000000000004	0.52781
57	FTT	Engineering	4500	0.44501	0.48393	0.63051
57	FTT	Engineering	10500	0.5372399999999999	0.60363	0.8749299999999999
70	FTT	Engineering Technology	0	0.07583	0.42061000000000004	0.52181
70	FTT	Engineering Technology	4500	0.43833	0.47752	0.62573
70	FTT	Engineering Technology	10500	0.53133	0.59851	0.8735
110	FTT	English	0	0.02717	0.19034	0.23399
110	FTT	English	4500	0.19802	0.21491	0.27858
110	FTT	English	10500	0.23808	0.2669	0.38351999999999997
163	FTT	English Literature	0	0.0433	0.22413000000000002	0.27935
163	FTT	English Literature	4500	0.23381999999999997	0.25518	0.3357
163	FTT	English Literature	10500	0.28453	0.32099	0.46621
160	FTT	Entrepreneurship & Small Business Management	0	0.046130000000000004	0.23967	0.30139
160	FTT	Entrepreneurship & Small Business Management	4500	0.25046	0.2743	0.3652
160	FTT	Entrepreneurship & Small Business Management	10500	0.30722	0.34844	0.51773
101	FTT	Environmental and Occupational Health	0	0.06492	0.35266	0.43377
101	FTT	Environmental and Occupational Health	4500	0.36694	0.39838	0.5161
101	FTT	Environmental and Occupational Health	10500	0.44135	0.49461000000000005	0.70935
17	FTT	Environmental Biology & Ecology	0	0.03816	0.19664	0.23851
17	FTT	Environmental Biology & Ecology	4500	0.20409000000000002	0.22034	0.28028000000000003
17	FTT	Environmental Biology & Ecology	10500	0.24238	0.26942	0.37625
153	FTT	Environmental Studies	0	0.040760000000000005	0.21093	0.25725
153	FTT	Environmental Studies	4500	0.21911999999999998	0.23706999999999998	0.30391999999999997
153	FTT	Environmental Studies	10500	0.26155	0.29175999999999996	0.41189
149	FTT	Ethnic Studies	0	0.03035	0.15386	0.18688
149	FTT	Ethnic Studies	4500	0.15972	0.17252	0.22011999999999998
149	FTT	Ethnic Studies	10500	0.18995	0.21145	0.29774
14	FTT	European Studies	0	0.01906	0.09355	0.11714000000000001
14	FTT	European Studies	4500	0.0978	0.10697999999999999	0.14009000000000002
14	FTT	European Studies	10500	0.11928	0.13417	0.19102
107	FTT	Family and Consumer Sciences	0	0.03524	0.17842	0.22726
107	FTT	Family and Consumer Sciences	4500	0.1869	0.20572	0.27854
107	FTT	Family and Consumer Sciences	10500	0.23190999999999998	0.265	0.40278
29	FTT	Finance	0	0.056760000000000005	0.30217	0.37695
29	FTT	Finance	4500	0.31523	0.34413	0.45423
29	FTT	Finance	10500	0.38401	0.43393999999999994	0.63907
6	FTT	Food Science and Technology	0	0.05615	0.29879	0.37221
6	FTT	Food Science and Technology	4500	0.31146	0.33974	0.45001
6	FTT	Food Science and Technology	10500	0.37924	0.42941999999999997	0.64105
91	FTT	French	0	0.03551	0.18242	0.21964
91	FTT	French	4500	0.18899000000000002	0.20339000000000002	0.2576
91	FTT	French	10500	0.22311999999999999	0.24765	0.3477
142	FTT	Geography	0	0.04552	0.23795999999999998	0.29022
142	FTT	Geography	4500	0.24715	0.26738	0.34352
142	FTT	Geography	10500	0.29512	0.32958000000000004	0.46886000000000005
126	FTT	Geology	0	0.060020000000000004	0.32287	0.39663000000000004
126	FTT	Geology	4500	0.33581	0.36436	0.47215
126	FTT	Geology	10500	0.40356	0.45238	0.65074
92	FTT	German	0	0.02717	0.11602	0.1626
92	FTT	German	4500	0.12397000000000001	0.14182	0.21328000000000003
92	FTT	German	10500	0.16713	0.19975	0.33915
88	FTT	Graphic Design	0	0.03948	0.20203	0.25539
88	FTT	Graphic Design	4500	0.21135	0.23196	0.31055
88	FTT	Graphic Design	10500	0.26043	0.29606	0.44192
97	FTT	Health Care Management/Administration	0	0.048310000000000006	0.25281	0.31487
97	FTT	Health Care Management/Administration	4500	0.26365	0.28762	0.37909
97	FTT	Health Care Management/Administration	10500	0.32073	0.36221	0.53301
100	FTT	Health Education	0	0.03704	0.18955999999999998	0.23465999999999998
100	FTT	Health Education	4500	0.19747	0.2149	0.28104
100	FTT	Health Education	10500	0.23890999999999998	0.26887	0.39121999999999996
96	FTT	Health Science	0	0.04596	0.24004	0.2952
96	FTT	Health Science	4500	0.2497	0.27102	0.35203
96	FTT	Health Science	10500	0.3004	0.33712	0.48751000000000005
141	FTT	History	0	0.2731	0.20090999999999998	0.24314000000000002
141	FTT	History	4500	0.20836999999999997	0.22473	0.28588
141	FTT	History	10500	0.24706999999999998	0.27471999999999996	0.38565
33	FTT	Hotel and Restaurant/Hospitality Management	0	0.040530000000000004	0.2075	0.26433
33	FTT	Hotel and Restaurant/Hospitality Management	4500	0.21736	0.23926	0.32399
33	FTT	Hotel and Restaurant/Hospitality Management	10500	0.26975	0.30825	0.46847
130	FTT	Human Development	0	0.02758	0.1357	0.18085
130	FTT	Human Development	4500	0.14357	0.16099000000000002	0.22769
130	FTT	Human Development	10500	0.18513	0.21538000000000002	0.33873000000000003
38	FTT	Human Resources/Personnel Management	0	0.05388	0.28501	0.35636
38	FTT	Human Resources/Personnel Management	4500	0.29741	0.32493	0.43088000000000004
38	FTT	Human Resources/Personnel Management	10500	0.36314	0.41126	0.6106
134	FTT	Human Services	0	0.03767	0.19159	0.24474
134	FTT	Human Services	4500	0.20079	0.22125999999999998	0.30083000000000004
134	FTT	Human Services	10500	0.24982	0.286	0.43796999999999997
119	FTT	Humanities	0	0.03261	0.1652	0.20589000000000002
119	FTT	Humanities	4500	0.17223	0.18786	0.24964
119	FTT	Humanities	10500	0.20981	0.23795999999999998	0.36124
80	FTT	Industrial Design	0	0.06192	0.33576	0.40537
80	FTT	Industrial Design	4500	0.34802	0.37499	0.47623999999999994
80	FTT	Industrial Design	10500	0.41188	0.4577	0.6441100000000001
66	FTT	Industrial Engineering	0	0.07771	0.43277	0.5364899999999999
66	FTT	Industrial Engineering	4500	0.45098	0.49117	0.64251
66	FTT	Industrial Engineering	10500	0.54623	0.61478	0.8944200000000001
67	FTT	Industrial Management & Technology	0	0.08351	0.47126	0.57982
67	FTT	Industrial Management & Technology	4500	0.49058999999999997	0.53286	0.68735
67	FTT	Industrial Management & Technology	10500	0.58982	0.65951	0.9337
47	FTT	Information Systems	0	0.0632	0.34107	0.4249
47	FTT	Information Systems	4500	0.35575	0.38819000000000004	0.51102
47	FTT	Information Systems	10500	0.43278999999999995	0.48845	0.71609
9	FTT	Interior Design	0	0.05505	0.29227	0.36321
9	FTT	Interior Design	4500	0.30466	0.33208000000000004	0.43654
9	FTT	Interior Design	10500	0.36991	0.41728000000000004	0.61224
37	FTT	International Business	0	0.04838	0.25246999999999997	0.31845
37	FTT	International Business	4500	0.26393	0.28938	0.38736
37	FTT	International Business	10500	0.32472	0.36921	0.5536399999999999
152	FTT	International Studies	0	0.023540000000000002	0.1141	0.15624000000000002
152	FTT	International Studies	4500	0.12135	0.13754	0.20126
152	FTT	International Studies	10500	0.1603	0.18932000000000002	0.3107
95	FTT	Japanese	0	0.025230000000000002	0.12600999999999998	0.15523
95	FTT	Japanese	4500	0.13122999999999999	0.14257	0.18420999999999998
95	FTT	Japanese	10500	0.15792	0.17669	0.25009000000000003
42	FTT	Journalism	0	0.03759	0.19208	0.24045
42	FTT	Journalism	4500	0.20052999999999999	0.21919	0.29068
42	FTT	Journalism	10500	0.24503000000000003	0.27746	0.41129
50	FTT	Kinesiology	0	0.03703	0.19057000000000002	0.2304
50	FTT	Kinesiology	4500	0.19763	0.21306999999999998	0.27047
50	FTT	Kinesiology	10500	0.2341	0.26003000000000004	0.36317
150	FTT	Labor Studies	0	0.07318	0.40303	0.50398
150	FTT	Labor Studies	4500	0.42058	0.45958999999999994	0.60907
150	FTT	Labor Studies	10500	0.51356	0.58143	0.8632200000000001
156	FTT	Land Resource Management	0	0.04835	0.25351999999999997	0.31269
156	FTT	Land Resource Management	4500	0.26398	0.28692	0.37221
156	FTT	Land Resource Management	10500	0.31819000000000003	0.35672	0.50921
10	FTT	Landscape Architecture	0	0.05305	0.27987	0.35120999999999997
10	FTT	Landscape Architecture	4500	0.29231	0.31986	0.4252
10	FTT	Landscape Architecture	10500	0.35796	0.40575	0.60252
13	FTT	Latin/Central American Studies	0	0.02336	0.11478	0.14862999999999998
13	FTT	Latin/Central American Studies	4500	0.12070999999999998	0.13377999999999998	0.18365
13	FTT	Latin/Central American Studies	10500	0.15182	0.17444	0.26705999999999996
154	FTT	Liberal Studies	0	0.03903	0.20115	0.24616999999999997
154	FTT	Liberal Studies	4500	0.20906	0.22648000000000001	0.29224
154	FTT	Liberal Studies	10500	0.25039	0.28017	0.40096
113	FTT	Linguistics	0	0.03283	0.07461	0.10958
113	FTT	Linguistics	4500	0.08076	0.09427	0.14536
113	FTT	Linguistics	10500	0.11285999999999999	0.13599	0.22874
30	FTT	Management	0	0.05624	0.29943000000000003	0.37199
30	FTT	Management	4500	0.31208	0.34010999999999997	0.44723999999999997
30	FTT	Management	10500	0.37885	0.42746000000000006	0.62805
32	FTT	Management Systems Analysis / Operations Research	0	0.06164	0.33178	0.4128
32	FTT	Management Systems Analysis / Operations Research	4500	0.34591	0.37722	0.49676000000000003
32	FTT	Management Systems Analysis / Operations Research	10500	0.42046000000000006	0.4747	0.6985899999999999
68	FTT	Manufacturing Engineering	0	0.07932	0.4431	0.54987
68	FTT	Manufacturing Engineering	4500	0.46181000000000005	0.5031800000000001	0.6592899999999999
68	FTT	Manufacturing Engineering	10500	0.55991	0.63065	0.92006
73	FTT	Manufacturing Engineering Technology	0	0.08138	0.45596000000000003	0.5686
73	FTT	Manufacturing Engineering Technology	4500	0.47581	0.51953	0.68265
73	FTT	Manufacturing Engineering Technology	10500	0.57911	0.6529	0.9509700000000001
24	FTT	Marine Biology	0	0.02273	0.11112999999999999	0.146
24	FTT	Marine Biology	4500	0.11721	0.13064	0.18258
24	FTT	Marine Biology	10500	0.14931	0.1729	0.27188
35	FTT	Marketing	0	0.054360000000000006	0.28824	0.35808
35	FTT	Marketing	4500	0.30044	0.32742	0.4303
35	FTT	Marketing	10500	0.36467	0.41133000000000003	0.60331
69	FTT	Materials Engineering	0	0.08594	0.4875	0.60039
69	FTT	Materials Engineering	4500	0.50741	0.55124	0.71462
69	FTT	Materials Engineering	10500	0.61092	0.68483	0.98334
120	FTT	Mathematics	0	0.05038	0.26645	0.32294
120	FTT	Mathematics	4500	0.27643	0.29833000000000004	0.37992
120	FTT	Mathematics	10500	0.3282	0.36508	0.51159
65	FTT	Mechanical Engineering	0	0.07843	0.43821000000000004	0.53898
65	FTT	Mechanical Engineering	4500	0.45591000000000004	0.49498000000000003	0.6418
65	FTT	Mechanical Engineering	10500	0.54843	0.61492	0.88574
74	FTT	Mechanical Engineering Technology	0	0.06723	0.36651	0.45307
74	FTT	Mechanical Engineering Technology	4500	0.38173	0.41528000000000004	0.54106
74	FTT	Mechanical Engineering Technology	10500	0.46116999999999997	0.5180899999999999	0.74753
105	FTT	Medical Technology	0	0.07135	0.39371	0.47901000000000005
105	FTT	Medical Technology	4500	0.40883	0.44197	0.56439
105	FTT	Medical Technology	10500	0.48691999999999996	0.5422100000000001	0.76173
146	FTT	Mexican-American Studies	0	0.035660000000000004	0.18118	0.229
146	FTT	Mexican-American Studies	4500	0.18941	0.20779	0.28021999999999997
146	FTT	Mexican-American Studies	10500	0.2336	0.2666	0.40812
20	FTT	Microbiology	0	0.05596	0.29895	0.3646
20	FTT	Microbiology	4500	0.31054	0.33598	0.43101000000000006
20	FTT	Microbiology	10500	0.37072	0.41368999999999995	0.5859800000000001
44	FTT	Multimedia	0	0.031810000000000005	0.16022999999999998	0.20184000000000002
44	FTT	Multimedia	4500	0.16759000000000002	0.18372	0.24369000000000002
44	FTT	Multimedia	10500	0.2057	0.23279	0.3399
83	FTT	Music	0	0.03127	0.15808	0.1956
83	FTT	Music	4500	0.16469	0.17920999999999998	0.23387
83	FTT	Music	10500	0.19910999999999998	0.22385	0.32387
82	FTT	Music - Performance	0	0.01256	0.061439999999999995	0.07352
82	FTT	Music - Performance	4500	0.06373	0.0685	0.08392000000000001
82	FTT	Music - Performance	10500	0.07455	0.08136	0.1028
162	FTT	Music Education	0	0.04431	0.22891999999999998	0.28852
162	FTT	Music Education	4500	0.2396	0.2628	0.34665
162	FTT	Music Education	10500	0.29396	0.33168000000000003	0.47434
55	FTT	Occupational Studies	0	0.07441	0.40858	0.52185
55	FTT	Occupational Studies	4500	0.42841999999999997	0.47231000000000006	0.6377
55	FTT	Occupational Studies	10500	0.53249	0.60742	0.9118200000000001
98	FTT	Occupational Therapy	0	0.0716	0.39359	0.48851999999999995
98	FTT	Occupational Therapy	4500	0.41025	0.44703000000000004	0.5854699999999999
98	FTT	Occupational Therapy	10500	0.49742	0.56012	0.81482
77	FTT	Performing Arts	0	0.021480000000000003	0.0399	0.05382000000000001
77	FTT	Performing Arts	4500	0.04252	0.048010000000000004	0.06597
77	FTT	Performing Arts	10500	0.055020000000000006	0.06297	0.08843
116	FTT	Philosophy	0	0.0317	0.15982000000000002	0.20069
116	FTT	Philosophy	4500	0.16701	0.18282	0.24241999999999997
116	FTT	Philosophy	10500	0.20452	0.2315	0.34010999999999997
123	FTT	Physics	0	0.04883	0.25718	0.31323
123	FTT	Physics	4500	0.26700999999999997	0.28869	0.3708
123	FTT	Physics	10500	0.3185	0.3557	0.50768
143	FTT	Political Science	0	0.04236	0.22016999999999998	0.26788
143	FTT	Political Science	4500	0.22855999999999999	0.24702	0.3167
143	FTT	Political Science	10500	0.27236	0.3039	0.43233
error	FTT	Pre-Nursing & Nursing RN-BS	0	0.10074	0.5891	0.7266600000000001
error	FTT	Pre-Nursing & Nursing RN-BS	4500	0.61338	0.66688	0.86556
error	FTT	Pre-Nursing & Nursing RN-BS	10500	0.73947	0.82936	1.19349
31	FTT	Production and Operations Management	0	0.06434	0.34833000000000003	0.43311000000000005
31	FTT	Production and Operations Management	4500	0.36309	0.39584	0.5212899999999999
31	FTT	Production and Operations Management	10500	0.44115	0.4981	0.7339399999999999
128	FTT	Psychology	0	0.02717	0.17481	0.21788000000000002
128	FTT	Psychology	4500	0.18235	0.19898	0.26241
128	FTT	Psychology	10500	0.22194	0.2507	0.36923
131	FTT	Public Administration	0	0.05799	0.30905	0.38792
131	FTT	Public Administration	4500	0.32281	0.35328000000000004	0.46952
131	FTT	Public Administration	10500	0.39537	0.44809	0.66487
99	FTT	Public Health	0	0.03575	0.18216	0.22726999999999997
99	FTT	Public Health	4500	0.19000999999999998	0.2074	0.27458
99	FTT	Public Health	10500	0.23155	0.26206999999999997	0.39094
159	FTT	Public Relations	0	0.050660000000000004	0.2663	0.33218000000000003
159	FTT	Public Relations	4500	0.27778	0.30321	0.40069
159	FTT	Public Relations	10500	0.33842	0.38266	0.5656100000000001
43	FTT	Radio/Television/Broadcast	0	0.036719999999999996	0.18753	0.2333
43	FTT	Radio/Television/Broadcast	4500	0.19555999999999998	0.21324	0.28037
43	FTT	Radio/Television/Broadcast	10500	0.2376	0.26800999999999997	0.3922
106	FTT	Radiologic Science & Technology	0	0.0828	0.46653999999999995	0.57528
106	FTT	Radiologic Science & Technology	4500	0.48571000000000003	0.52793	0.6853
106	FTT	Radiologic Science & Technology	10500	0.5854199999999999	0.65662	0.9437399999999999
36	FTT	Real Estate	0	0.05476	0.24323000000000003	0.31409000000000004
36	FTT	Real Estate	4500	0.25569000000000003	0.28311	0.38655
36	FTT	Real Estate	10500	0.32074	0.36757	0.55865
132	FTT	Recreation Management & Administration	0	0.04038	0.20797	0.25858000000000003
132	FTT	Recreation Management & Administration	4500	0.21678000000000003	0.23629	0.3116
132	FTT	Recreation Management & Administration	10500	0.26339	0.2976	0.44095
117	FTT	Religious Studies	0	0.02723	0.06135	0.09047999999999999
117	FTT	Religious Studies	4500	0.06658	0.0779	0.11914000000000001
117	FTT	Religious Studies	10500	0.09315	0.11170999999999999	0.18397
138	FTT	Social Science	0	0.04025	0.20738	0.2568
138	FTT	Social Science	4500	0.21602	0.2351	0.30799
138	FTT	Social Science	10500	0.26147	0.29453	0.4308
133	FTT	Social Work	0	0.03768	0.19229000000000002	0.24245999999999998
133	FTT	Social Work	4500	0.20101	0.22034	0.29508
133	FTT	Social Work	10500	0.24723	0.28119	0.42283000000000004
144	FTT	Sociology	0	0.042010000000000006	0.21706999999999999	0.26998
144	FTT	Sociology	4500	0.22629000000000002	0.2467	0.32509
144	FTT	Sociology	10500	0.27499	0.31056999999999996	0.45819
93	FTT	Spanish	0	0.03597	0.18388	0.22657
93	FTT	Spanish	4500	0.19136	0.20786	0.27055999999999997
93	FTT	Spanish	10500	0.23059000000000002	0.259	0.37556
114	FTT	Speech Communication	0	0.0426	0.22011999999999998	0.27476999999999996
114	FTT	Speech Communication	4500	0.22969	0.25081	0.33105
114	FTT	Speech Communication	10500	0.27992	0.31628	0.46483
103	FTT	Speech Language Pathology	0	0.02768	0.13802999999999999	0.17513
103	FTT	Speech Language Pathology	4500	0.14454	0.15888	0.21322
103	FTT	Speech Language Pathology	10500	0.17862	0.20323	0.30288000000000004
121	FTT	Statistics	0	0.06019	0.32494	0.39363000000000004
121	FTT	Statistics	4500	0.33705	0.36367	0.46329
121	FTT	Statistics	10500	0.40004	0.44511000000000006	0.62656
84	FTT	Theatre Arts	0	0.01217	0.05801	0.07611
84	FTT	Theatre Arts	4500	0.061329999999999996	0.0684	0.09306
84	FTT	Theatre Arts	10500	0.07772000000000001	0.08874	0.12869
85	FTT	Theatre Arts - Performance	0	0.043410000000000004	0.01395	0.026739999999999996
85	FTT	Theatre Arts - Performance	4500	0.01636	0.0214	0.03791
85	FTT	Theatre Arts - Performance	10500	0.02783	0.03514	0.058839999999999996
34	FTT	Travel and Tourism/Tourism Management	0	0.038939999999999995	0.19762000000000002	0.25659
34	FTT	Travel and Tourism/Tourism Management	4500	0.20795	0.23073000000000002	0.3173
34	FTT	Travel and Tourism/Tourism Management	10500	0.26215	0.30138000000000004	0.46151000000000003
147	FTT	Urban Studies	0	0.05474	0.29163	0.35662
147	FTT	Urban Studies	4500	0.303	0.32811999999999997	0.42373999999999995
147	FTT	Urban Studies	10500	0.36275	0.40610999999999997	0.5847899999999999
148	FTT	Women's Studies	0	0.02717	0.1344	0.17499
148	FTT	Women's Studies	4500	0.1415	0.15717	0.21696
148	FTT	Women's Studies	10500	0.17883	0.20593000000000003	0.31659
90	FTT	World Languages and Cultures/Translation	0	0.03889	0.20045	0.24523000000000003
90	FTT	World Languages and Cultures/Translation	4500	0.20828000000000002	0.22557	0.29175999999999996
90	FTT	World Languages and Cultures/Translation	10500	0.24946999999999997	0.27949	0.40504
19	FTT	Zoology	0	0.020069999999999998	0.09838	0.12505
19	FTT	Zoology	4500	0.10311	0.11344000000000001	0.15200999999999998
19	FTT	Zoology	10500	0.12752	0.14495	0.21563000000000002
